"Data","Documento","Empenho","Unidade gestora","CPF/CNPJ","Natureza da despesa","Modalidade da licitação","Registro","Valor (R$)"
"03/01/2022","03010023","02080032","040 - Secretaria de Agricultura, Rec. Hídricos e Pesca","XX.X84.407/ 0001-09","3.1.90.04.00 -  Contratação p or tempo deter minado","Outros/não se aplica","Realizado","715"
"03/01/2022","03010060","01090042","043 - Secretaria de Saúde","XX.X84.407/ 0001-09","3.1.90.04.00 -  Contratação p or tempo deter minado","Outros/não se aplica","Realizado","792"
"03/01/2022","03010066","04010067","044 - Secretaria do Trabalho e Desenvolvovimento Social","XX.X84.407/ 0001-09","3.1.90.04.00 -  Contratação p or tempo deter minado","Outros/não se aplica","Realizado","1080"
"03/01/2022","03010010","01070027","038 - Secretaria de Administração e Finanças","XX.X84.407/ 0001-09","3.1.90.04.00 -  Contratação p or tempo deter minado","Outros/não se aplica","Realizado","1100"
"03/01/2022","03010071","01110052","032 - Secretaria de Cidadania e Segurança Pública","XX.X84.407/ 0001-09","3.1.90.11.00 -  Vencimentos e  vant. fixas p essoal civil","Outros/não se aplica","Realizado","1100"
"03/01/2022","03010009","01070027","038 - Secretaria de Administração e Finanças","XX.X84.407/ 0001-09","3.1.90.04.00 -  Contratação p or tempo deter minado","Outros/não se aplica","Realizado","1100"
"03/01/2022","03010073","01110052","032 - Secretaria de Cidadania e Segurança Pública","XX.X84.407/ 0001-09","3.1.90.11.00 -  Vencimentos e  vant. fixas p essoal civil","Outros/não se aplica","Realizado","1100"
"03/01/2022","03010035","04010045","039 - Gabinete do Prefeito","XX.X84.407/ 0001-09","3.1.90.04.00 -  Contratação p or tempo deter minado","Outros/não se aplica","Realizado","1100"
"03/01/2022","03010008","01120069","038 - Secretaria de Administração e Finanças","XX.X84.407/ 0001-09","3.1.90.11.00 -  Vencimentos e  vant. fixas p essoal civil","Outros/não se aplica","Realizado","1100.01"
"03/01/2022","03010024","02080032","040 - Secretaria de Agricultura, Rec. Hídricos e Pesca","XX.X84.407/ 0001-09","3.1.90.04.00 -  Contratação p or tempo deter minado","Outros/não se aplica","Realizado","1440"
"03/01/2022","03010041","01120090","043 - Secretaria de Saúde","XX.X84.407/ 0001-09","3.1.90.11.00 -  Vencimentos e  vant. fixas p essoal civil","Outros/não se aplica","Realizado","1800"
"03/01/2022","03010050","01090033","006 - Fundo Municipal de Assistência Social","XX.X84.407/ 0001-09","3.1.90.11.00 -  Vencimentos e  vant. fixas p essoal civil","Outros/não se aplica","Realizado","1866.67"
"03/01/2022","03010070","01110052","032 - Secretaria de Cidadania e Segurança Pública","XX.X84.407/ 0001-09","3.1.90.11.00 -  Vencimentos e  vant. fixas p essoal civil","Outros/não se aplica","Realizado","2246.54"
"03/01/2022","03010042","01120090","043 - Secretaria de Saúde","XX.X84.407/ 0001-09","3.1.90.11.00 -  Vencimentos e  vant. fixas p essoal civil","Outros/não se aplica","Realizado","2400"
"03/01/2022","03010043","01120090","043 - Secretaria de Saúde","XX.X84.407/ 0001-09","3.1.90.11.00 -  Vencimentos e  vant. fixas p essoal civil","Outros/não se aplica","Realizado","2933.34"
"03/01/2022","03010039","01120090","043 - Secretaria de Saúde","XX.X84.407/ 0001-09","3.1.90.11.00 -  Vencimentos e  vant. fixas p essoal civil","Outros/não se aplica","Realizado","3733.33"
"03/01/2022","03010067","01110064","006 - Fundo Municipal de Assistência Social","XX.X84.407/ 0001-09","3.1.90.11.00 -  Vencimentos e  vant. fixas p essoal civil","Outros/não se aplica","Realizado","4466.67"
"03/01/2022","03010026","02080032","040 - Secretaria de Agricultura, Rec. Hídricos e Pesca","XX.X84.407/ 0001-09","3.1.90.04.00 -  Contratação p or tempo deter minado","Outros/não se aplica","Realizado","5320"
"03/01/2022","03010051","01120094","043 - Secretaria de Saúde","XX.X84.407/ 0001-09","3.1.90.04.00 -  Contratação p or tempo deter minado","Outros/não se aplica","Realizado","5505.71"
"03/01/2022","03010064","01090032","044 - Secretaria do Trabalho e Desenvolvovimento Social","XX.X84.407/ 0001-09","3.1.90.11.00 -  Vencimentos e  vant. fixas p essoal civil","Outros/não se aplica","Realizado","5540"
"03/01/2022","03010052","01120097","006 - Fundo Municipal de Assistência Social","XX.X84.407/ 0001-09","3.3.90.36.00 -  Outros serv.  de terceiros p essoa física","Outros/não se aplica","Realizado","5550"
"03/01/2022","03010057","01120090","043 - Secretaria de Saúde","XX.X84.407/ 0001-09","3.1.90.11.00 -  Vencimentos e  vant. fixas p essoal civil","Outros/não se aplica","Realizado","5585.41"
"03/01/2022","03010025","02080032","040 - Secretaria de Agricultura, Rec. Hídricos e Pesca","XX.X84.407/ 0001-09","3.1.90.04.00 -  Contratação p or tempo deter minado","Outros/não se aplica","Realizado","6055.56"
"03/01/2022","03010013","02080028","034 - Secretaria de Cultura","XX.X84.407/ 0001-09","3.3.90.93.00 -  Indenizações  e restituições","Outros/não se aplica","Realizado","6400"
"03/01/2022","03010065","04010067","044 - Secretaria do Trabalho e Desenvolvovimento Social","XX.X84.407/ 0001-09","3.1.90.04.00 -  Contratação p or tempo deter minado","Outros/não se aplica","Realizado","6600"
"03/01/2022","03010018","01110058","031 - Secretaria de Infraestrutura e Desenvolvim.Urbano","XX.X84.407/ 0001-09","3.1.90.04.00 -  Contratação p or tempo deter minado","Outros/não se aplica","Realizado","7559.44"
"03/01/2022","03010045","01100069","043 - Secretaria de Saúde","XX.X84.407/ 0001-09","3.1.90.11.00 -  Vencimentos e  vant. fixas p essoal civil","Outros/não se aplica","Realizado","8738.34"
"03/01/2022","03010044","01120091","043 - Secretaria de Saúde","XX.X84.407/ 0001-09","3.1.90.11.00 -  Vencimentos e  vant. fixas p essoal civil","Outros/não se aplica","Realizado","9643.82"
"03/01/2022","03010053","01100061","006 - Fundo Municipal de Assistência Social","XX.X84.407/ 0001-09","3.1.90.11.00 -  Vencimentos e  vant. fixas p essoal civil","Outros/não se aplica","Realizado","9766.67"
"03/01/2022","03010047","01120089","043 - Secretaria de Saúde","XX.X84.407/ 0001-09","3.1.90.04.00 -  Contratação p or tempo deter minado","Outros/não se aplica","Realizado","10477.78"
"03/01/2022","03010017","01110058","031 - Secretaria de Infraestrutura e Desenvolvim.Urbano","XX.X84.407/ 0001-09","3.1.90.04.00 -  Contratação p or tempo deter minado","Outros/não se aplica","Realizado","10974.43"
"03/01/2022","03010061","01120092","043 - Secretaria de Saúde","XX.X84.407/ 0001-09","3.1.90.04.00 -  Contratação p or tempo deter minado","Outros/não se aplica","Realizado","12170"
"03/01/2022","03010063","01090032","044 - Secretaria do Trabalho e Desenvolvovimento Social","XX.X84.407/ 0001-09","3.1.90.11.00 -  Vencimentos e  vant. fixas p essoal civil","Outros/não se aplica","Realizado","12540"
"03/01/2022","03010032","04010066","043 - Secretaria de Saúde","XX.X84.407/ 0001-09","3.1.90.11.00 -  Vencimentos e  vant. fixas p essoal civil","Outros/não se aplica","Realizado","12866.67"
"03/01/2022","03010036","04010045","039 - Gabinete do Prefeito","XX.X84.407/ 0001-09","3.1.90.04.00 -  Contratação p or tempo deter minado","Outros/não se aplica","Realizado","13090"
"03/01/2022","03010058","01120091","043 - Secretaria de Saúde","XX.X84.407/ 0001-09","3.1.90.11.00 -  Vencimentos e  vant. fixas p essoal civil","Outros/não se aplica","Realizado","15099.87"
"03/01/2022","03010068","01120095","006 - Fundo Municipal de Assistência Social","XX.X84.407/ 0001-09","3.1.90.04.00 -  Contratação p or tempo deter minado","Outros/não se aplica","Realizado","16500"
"03/01/2022","03010015","02080034","046 - Secretaria de Meio Ambiente e Turismo","XX.X84.407/ 0001-09","3.1.90.11.00 -  Vencimentos e  vant. fixas p essoal civil","Outros/não se aplica","Realizado","18133.33"
"03/01/2022","03010054","01120096","006 - Fundo Municipal de Assistência Social","XX.X84.407/ 0001-09","3.1.90.04.00 -  Contratação p or tempo deter minado","Outros/não se aplica","Realizado","21400"
"03/01/2022","03010033","01120088","043 - Secretaria de Saúde","XX.X84.407/ 0001-09","3.3.90.93.00 -  Indenizações  e restituições","Outros/não se aplica","Realizado","21800"
"03/01/2022","03010020","01100058","014 - Controladoria Geral do Municipio","XX.X84.407/ 0001-09","3.1.90.11.00 -  Vencimentos e  vant. fixas p essoal civil","Outros/não se aplica","Realizado","21833.33"
"03/01/2022","03010049","01120089","043 - Secretaria de Saúde","XX.X84.407/ 0001-09","3.1.90.04.00 -  Contratação p or tempo deter minado","Outros/não se aplica","Realizado","24434.7"
"03/01/2022","03010046","01120092","043 - Secretaria de Saúde","XX.X84.407/ 0001-09","3.1.90.04.00 -  Contratação p or tempo deter minado","Outros/não se aplica","Realizado","25178.26"
"03/01/2022","03010022","02080033","040 - Secretaria de Agricultura, Rec. Hídricos e Pesca","XX.X84.407/ 0001-09","3.1.90.11.00 -  Vencimentos e  vant. fixas p essoal civil","Outros/não se aplica","Realizado","26327.34"
"03/01/2022","03010012","01120073","034 - Secretaria de Cultura","XX.X84.407/ 0001-09","3.1.90.11.00 -  Vencimentos e  vant. fixas p essoal civil","Outros/não se aplica","Realizado","29233.35"
"03/01/2022","03010011","01120074","047 - Secretaria de Desenvolvimento Econômico","XX.X84.407/ 0001-09","3.1.90.11.00 -  Vencimentos e  vant. fixas p essoal civil","Outros/não se aplica","Realizado","29506.67"
"03/01/2022","03010074","01120071","032 - Secretaria de Cidadania e Segurança Pública","XX.X84.407/ 0001-09","3.3.90.93.00 -  Indenizações  e restituições","Outros/não se aplica","Realizado","31482"
"03/01/2022","03010059","01090042","043 - Secretaria de Saúde","XX.X84.407/ 0001-09","3.1.90.04.00 -  Contratação p or tempo deter minado","Outros/não se aplica","Realizado","31854.91"
"03/01/2022","03010014","01120072","022 - Secretaria de Esporte e Juventude","XX.X84.407/ 0001-09","3.1.90.11.00 -  Vencimentos e  vant. fixas p essoal civil","Outros/não se aplica","Realizado","34600.03"
"03/01/2022","03010069","01110052","032 - Secretaria de Cidadania e Segurança Pública","XX.X84.407/ 0001-09","3.1.90.11.00 -  Vencimentos e  vant. fixas p essoal civil","Outros/não se aplica","Realizado","45478.21"
"03/01/2022","03010062","01090032","044 - Secretaria do Trabalho e Desenvolvovimento Social","XX.X84.407/ 0001-09","3.1.90.11.00 -  Vencimentos e  vant. fixas p essoal civil","Outros/não se aplica","Realizado","54522.6"
"03/01/2022","03010019","01110058","031 - Secretaria de Infraestrutura e Desenvolvim.Urbano","XX.X84.407/ 0001-09","3.1.90.04.00 -  Contratação p or tempo deter minado","Outros/não se aplica","Realizado","60373.6"
"03/01/2022","03010056","01120087","043 - Secretaria de Saúde","XX.X84.407/ 0001-09","3.1.90.11.00 -  Vencimentos e  vant. fixas p essoal civil","Outros/não se aplica","Realizado","62031.2"
"03/01/2022","03010055","01120087","043 - Secretaria de Saúde","XX.X84.407/ 0001-09","3.1.90.11.00 -  Vencimentos e  vant. fixas p essoal civil","Outros/não se aplica","Realizado","81701.44"
"03/01/2022","03010030","01120091","043 - Secretaria de Saúde","XX.X84.407/ 0001-09","3.1.90.11.00 -  Vencimentos e  vant. fixas p essoal civil","Outros/não se aplica","Realizado","97500"
"03/01/2022","03010040","01120090","043 - Secretaria de Saúde","XX.X84.407/ 0001-09","3.1.90.11.00 -  Vencimentos e  vant. fixas p essoal civil","Outros/não se aplica","Realizado","124523.76"
"03/01/2022","03010072","01120070","032 - Secretaria de Cidadania e Segurança Pública","XX.X84.407/ 0001-09","3.1.90.11.00 -  Vencimentos e  vant. fixas p essoal civil","Outros/não se aplica","Realizado","142624.51"
"03/01/2022","03010038","01120090","043 - Secretaria de Saúde","XX.X84.407/ 0001-09","3.1.90.11.00 -  Vencimentos e  vant. fixas p essoal civil","Outros/não se aplica","Realizado","142793.33"
"03/01/2022","03010021","01120066","013 - Procuradoria Geral do Municipio","XX.X84.407/ 0001-09","3.1.90.11.00 -  Vencimentos e  vant. fixas p essoal civil","Outros/não se aplica","Realizado","149513.26"
"03/01/2022","03010031","01120093","043 - Secretaria de Saúde","XX.X84.407/ 0001-09","3.1.90.11.00 -  Vencimentos e  vant. fixas p essoal civil","Outros/não se aplica","Realizado","158606.97"
"03/01/2022","03010034","01120059","039 - Gabinete do Prefeito","XX.X84.407/ 0001-09","3.1.90.11.00 -  Vencimentos e  vant. fixas p essoal civil","Outros/não se aplica","Realizado","162152.32"
"03/01/2022","03010016","01120077","031 - Secretaria de Infraestrutura e Desenvolvim.Urbano","XX.X84.407/ 0001-09","3.1.90.11.00 -  Vencimentos e  vant. fixas p essoal civil","Outros/não se aplica","Realizado","182256.66"
"03/01/2022","03010007","01120069","038 - Secretaria de Administração e Finanças","XX.X84.407/ 0001-09","3.1.90.11.00 -  Vencimentos e  vant. fixas p essoal civil","Outros/não se aplica","Realizado","222325.55"
"03/01/2022","03010029","01120091","043 - Secretaria de Saúde","XX.X84.407/ 0001-09","3.1.90.11.00 -  Vencimentos e  vant. fixas p essoal civil","Outros/não se aplica","Realizado","234283.12"
"03/01/2022","03010027","01120092","043 - Secretaria de Saúde","XX.X84.407/ 0001-09","3.1.90.04.00 -  Contratação p or tempo deter minado","Outros/não se aplica","Realizado","242869.14"
"03/01/2022","03010048","01120089","043 - Secretaria de Saúde","XX.X84.407/ 0001-09","3.1.90.04.00 -  Contratação p or tempo deter minado","Outros/não se aplica","Realizado","284396.61"
"03/01/2022","03010028","01120092","043 - Secretaria de Saúde","XX.X84.407/ 0001-09","3.1.90.04.00 -  Contratação p or tempo deter minado","Outros/não se aplica","Realizado","378300"
"03/01/2022","03010003","29120001","042 - Secretaria de Educação","XX.X44.530/ 0001-01","4.4.90.61.00 -  Aquisição de  imóveis","Outros/não se aplica","Realizado","90000"
"03/01/2022","03010002","29120002","042 - Secretaria de Educação","XX.X44.530/ 0001-01","4.4.90.61.00 -  Aquisição de  imóveis","Outros/não se aplica","Realizado","179029.5"
"03/01/2022","03010005","29120003","042 - Secretaria de Educação","XX.X44.530/ 0001-01","4.4.90.61.00 -  Aquisição de  imóveis","Outros/não se aplica","Realizado","180000"
"03/01/2022","03010006","29120005","042 - Secretaria de Educação","XX.X44.530/ 0001-01","4.4.90.61.00 -  Aquisição de  imóveis","Outros/não se aplica","Realizado","300000"
"03/01/2022","03010001","29120004","042 - Secretaria de Educação","XX.X44.530/ 0001-01","4.4.90.61.00 -  Aquisição de  imóveis","Outros/não se aplica","Realizado","300000"
"03/01/2022","03010004","29120006","042 - Secretaria de Educação","XX.X44.530/ 0001-01","4.4.90.61.00 -  Aquisição de  imóveis","Outros/não se aplica","Realizado","646740.9"
"04/01/2022","04010001","17120001","031 - Secretaria de Infraestrutura e Desenvolvim.Urbano","XX.X33.439/ 0001-09","3.3.90.30.00 -  Material de c onsumo","Pregão","Realizado","59999.94"
"04/01/2022","04010002","16110018","038 - Secretaria de Administração e Finanças","XX.X12.053/ 0001-80","3.3.90.39.00 -  Outros serv.  de terc. pesso a jurídica","Carona","Realizado","50466.73"
"05/01/2022","05010021","01040014","028 - Instituto de Previdência do Município","XX.X50.881/ 0001-15","3.3.90.39.00 -  Outros serv.  de terc. pesso a jurídica","Tomada de preço","Realizado","1600"
"05/01/2022","05010005","19050013","043 - Secretaria de Saúde","XXX.984. 724-00","3.3.90.36.00 -  Outros serv.  de terceiros p essoa física","Outros/não se aplica","Realizado","1100"
"05/01/2022","05010022","01040013","028 - Instituto de Previdência do Município","XX.X74.237/ 0001-81","3.3.90.39.00 -  Outros serv.  de terc. pesso a jurídica","Tomada de preço","Realizado","4000"
"05/01/2022","05010020","31030013","028 - Instituto de Previdência do Município","XX.X88.268/ 0001-04","3.3.90.39.00 -  Outros serv.  de terc. pesso a jurídica","Tomada de preço","Realizado","980"
"05/01/2022","05010004","01020017","043 - Secretaria de Saúde","XXX.721. 383-34","3.3.90.36.00 -  Outros serv.  de terceiros p essoa física","Outros/não se aplica","Realizado","1100"
"05/01/2022","05010001","22120001","042 - Secretaria de Educação","XX.X65.473/ 0001-51","3.3.90.39.00 -  Outros serv.  de terc. pesso a jurídica","Outros/não se aplica","Realizado","189.41"
"05/01/2022","05010002","21120004","042 - Secretaria de Educação","XX.X65.473/ 0001-51","3.3.90.39.00 -  Outros serv.  de terc. pesso a jurídica","Outros/não se aplica","Realizado","189.41"
"05/01/2022","05010003","21120003","042 - Secretaria de Educação","XX.X65.473/ 0001-51","3.3.90.39.00 -  Outros serv.  de terc. pesso a jurídica","Outros/não se aplica","Realizado","189.41"
"05/01/2022","05010015","18110010","028 - Instituto de Previdência do Município","XX.X58.968/ 0001-87","3.3.90.39.00 -  Outros serv.  de terc. pesso a jurídica","Tomada de preço","Realizado","1200"
"05/01/2022","05010009","01020011","043 - Secretaria de Saúde","XXX.613. 733-00","3.3.90.36.00 -  Outros serv.  de terceiros p essoa física","Outros/não se aplica","Realizado","1100"
"05/01/2022","05010016","09110014","028 - Instituto de Previdência do Município","XX.X41.755/ 0001-99","3.3.90.39.00 -  Outros serv.  de terc. pesso a jurídica","Pregão","Realizado","144"
"05/01/2022","05010010","01020007","043 - Secretaria de Saúde","XXX.394. 613-28","3.3.90.36.00 -  Outros serv.  de terceiros p essoa física","Outros/não se aplica","Realizado","1100"
"05/01/2022","05010024","01100062","006 - Fundo Municipal de Assistência Social","XX.X84.407/ 0001-09","3.1.90.11.00 -  Vencimentos e  vant. fixas p essoal civil","Outros/não se aplica","Realizado","2646"
"05/01/2022","05010026","01100062","006 - Fundo Municipal de Assistência Social","XX.X84.407/ 0001-09","3.1.90.11.00 -  Vencimentos e  vant. fixas p essoal civil","Outros/não se aplica","Realizado","3666.67"
"05/01/2022","05010025","01100062","006 - Fundo Municipal de Assistência Social","XX.X84.407/ 0001-09","3.1.90.11.00 -  Vencimentos e  vant. fixas p essoal civil","Outros/não se aplica","Realizado","3666.67"
"05/01/2022","05010029","01110065","006 - Fundo Municipal de Assistência Social","XX.X84.407/ 0001-09","3.1.90.04.00 -  Contratação p or tempo deter minado","Outros/não se aplica","Realizado","5698.9"
"05/01/2022","05010028","01110065","006 - Fundo Municipal de Assistência Social","XX.X84.407/ 0001-09","3.1.90.04.00 -  Contratação p or tempo deter minado","Outros/não se aplica","Realizado","6900"
"05/01/2022","05010027","01110065","006 - Fundo Municipal de Assistência Social","XX.X84.407/ 0001-09","3.1.90.04.00 -  Contratação p or tempo deter minado","Outros/não se aplica","Realizado","13445"
"05/01/2022","05010006","01020012","043 - Secretaria de Saúde","XXX.773. 793-79","3.3.90.36.00 -  Outros serv.  de terceiros p essoa física","Outros/não se aplica","Realizado","1100"
"05/01/2022","05010008","01020010","043 - Secretaria de Saúde","XXX.774. 153-16","3.3.90.36.00 -  Outros serv.  de terceiros p essoa física","Outros/não se aplica","Realizado","1100"
"05/01/2022","05010012","01020008","043 - Secretaria de Saúde","XXX.306. 853-39","3.3.90.36.00 -  Outros serv.  de terceiros p essoa física","Outros/não se aplica","Realizado","1100"
"05/01/2022","05010017","29100008","028 - Instituto de Previdência do Município","XX.X07.711/ 0001-46","3.3.90.39.00 -  Outros serv.  de terc. pesso a jurídica","Tomada de preço","Realizado","837.5"
"05/01/2022","05010014","19050015","043 - Secretaria de Saúde","XXX.963. 933-24","3.3.90.36.00 -  Outros serv.  de terceiros p essoa física","Outros/não se aplica","Realizado","1100"
"05/01/2022","05010007","19050014","043 - Secretaria de Saúde","XXX.451. 383-53","3.3.90.36.00 -  Outros serv.  de terceiros p essoa física","Outros/não se aplica","Realizado","1100"
"05/01/2022","05010030","16110008","028 - Instituto de Previdência do Município","XX.X82.559/ 0001-75","3.3.90.39.00 -  Outros serv.  de terc. pesso a jurídica","Concorrência","Realizado","8411.2"
"05/01/2022","05010019","16110008","028 - Instituto de Previdência do Município","XX.X82.559/ 0001-75","3.3.90.39.00 -  Outros serv.  de terc. pesso a jurídica","Concorrência","Realizado","8411.2"
"05/01/2022","05010013","01020009","043 - Secretaria de Saúde","XXX.858. 723-05","3.3.90.36.00 -  Outros serv.  de terceiros p essoa física","Outros/não se aplica","Realizado","1100"
"05/01/2022","05010023","04010239","028 - Instituto de Previdência do Município","XX.X00.118/ 0015-74","3.3.90.39.00 -  Outros serv.  de terc. pesso a jurídica","Outros/não se aplica","Realizado","36.71"
"05/01/2022","05010011","16060005","043 - Secretaria de Saúde","XXX.273. 187-02","3.3.90.36.00 -  Outros serv.  de terceiros p essoa física","Outros/não se aplica","Realizado","1100"
"05/01/2022","05010018","19110008","028 - Instituto de Previdência do Município","XX.X17.073/ 0001-22","3.3.90.39.00 -  Outros serv.  de terc. pesso a jurídica","Pregão","Realizado","409.29"
"06/01/2022","06010007","03010092","043 - Secretaria de Saúde","XX.X40.108/ 0001-57","3.3.90.92.00 -  Despesas de e xercícios ante riores","Outros/não se aplica","Realizado","31.8"
"06/01/2022","06010001","01120012","028 - Instituto de Previdência do Município","XX.X40.108/ 0001-57","3.3.90.39.00 -  Outros serv.  de terc. pesso a jurídica","Outros/não se aplica","Realizado","1509.57"
"06/01/2022","06010011","01090015","043 - Secretaria de Saúde","XX.X47.251/ 0001-70","3.3.90.39.00 -  Outros serv.  de terc. pesso a jurídica","Outros/não se aplica","Realizado","137.61"
"06/01/2022","06010010","01120017","043 - Secretaria de Saúde","XX.X47.251/ 0001-70","3.3.90.39.00 -  Outros serv.  de terc. pesso a jurídica","Outros/não se aplica","Realizado","303.04"
"06/01/2022","06010009","01110011","034 - Secretaria de Cultura","XX.X47.251/ 0001-70","3.3.90.39.00 -  Outros serv.  de terc. pesso a jurídica","Outros/não se aplica","Realizado","580.59"
"06/01/2022","06010022","01020051","037 - Autarquia Municipal de Trânsito e Transporte","XX.X47.251/ 0001-70","3.3.90.39.00 -  Outros serv.  de terc. pesso a jurídica","Outros/não se aplica","Realizado","819.8"
"06/01/2022","06010015","01110006","022 - Secretaria de Esporte e Juventude","XX.X47.251/ 0001-70","3.3.90.39.00 -  Outros serv.  de terc. pesso a jurídica","Outros/não se aplica","Realizado","869.19"
"06/01/2022","06010014","01120016","022 - Secretaria de Esporte e Juventude","XX.X47.251/ 0001-70","3.3.90.39.00 -  Outros serv.  de terc. pesso a jurídica","Outros/não se aplica","Realizado","1153.37"
"06/01/2022","06010009","01120020","034 - Secretaria de Cultura","XX.X47.251/ 0001-70","3.3.90.39.00 -  Outros serv.  de terc. pesso a jurídica","Outros/não se aplica","Realizado","1278.08"
"06/01/2022","06010013","01120016","022 - Secretaria de Esporte e Juventude","XX.X47.251/ 0001-70","3.3.90.39.00 -  Outros serv.  de terc. pesso a jurídica","Outros/não se aplica","Realizado","1356.21"
"06/01/2022","06010021","01120019","037 - Autarquia Municipal de Trânsito e Transporte","XX.X47.251/ 0001-70","3.3.90.39.00 -  Outros serv.  de terc. pesso a jurídica","Outros/não se aplica","Realizado","1673.87"
"06/01/2022","06010018","01120014","043 - Secretaria de Saúde","XX.X47.251/ 0001-70","3.3.90.39.00 -  Outros serv.  de terc. pesso a jurídica","Outros/não se aplica","Realizado","1965.36"
"06/01/2022","06010004","01120018","043 - Secretaria de Saúde","XX.X47.251/ 0001-70","3.3.90.39.00 -  Outros serv.  de terc. pesso a jurídica","Outros/não se aplica","Realizado","3821.62"
"06/01/2022","06010008","01110009","044 - Secretaria do Trabalho e Desenvolvovimento Social","XX.X47.251/ 0001-70","3.3.90.39.00 -  Outros serv.  de terc. pesso a jurídica","Outros/não se aplica","Realizado","5312.14"
"06/01/2022","06010017","01090014","043 - Secretaria de Saúde","XX.X47.251/ 0001-70","3.3.90.39.00 -  Outros serv.  de terc. pesso a jurídica","Outros/não se aplica","Realizado","7921.65"
"06/01/2022","06010006","01100016","043 - Secretaria de Saúde","XX.X47.251/ 0001-70","3.3.90.39.00 -  Outros serv.  de terc. pesso a jurídica","Outros/não se aplica","Realizado","10349.26"
"06/01/2022","06010020","01100015","031 - Secretaria de Infraestrutura e Desenvolvim.Urbano","XX.X47.251/ 0001-70","3.3.90.39.00 -  Outros serv.  de terc. pesso a jurídica","Outros/não se aplica","Realizado","15669"
"06/01/2022","06010016","01120014","043 - Secretaria de Saúde","XX.X47.251/ 0001-70","3.3.90.39.00 -  Outros serv.  de terc. pesso a jurídica","Outros/não se aplica","Realizado","17130.22"
"06/01/2022","06010003","01110007","038 - Secretaria de Administração e Finanças","XX.X47.251/ 0001-70","3.3.90.39.00 -  Outros serv.  de terc. pesso a jurídica","Outros/não se aplica","Realizado","18621.12"
"06/01/2022","06010012","01110010","047 - Secretaria de Desenvolvimento Econômico","XX.X47.251/ 0001-70","3.3.90.39.00 -  Outros serv.  de terc. pesso a jurídica","Outros/não se aplica","Realizado","27743.04"
"06/01/2022","06010019","01120015","031 - Secretaria de Infraestrutura e Desenvolvim.Urbano","XX.X47.251/ 0001-70","3.3.90.39.00 -  Outros serv.  de terc. pesso a jurídica","Outros/não se aplica","Realizado","30045.18"
"06/01/2022","06010002","01110008","042 - Secretaria de Educação","XX.X47.251/ 0001-70","3.3.90.39.00 -  Outros serv.  de terc. pesso a jurídica","Outros/não se aplica","Realizado","33050.42"
"06/01/2022","06010005","01100013","043 - Secretaria de Saúde","XX.X47.251/ 0001-70","3.3.90.39.00 -  Outros serv.  de terc. pesso a jurídica","Outros/não se aplica","Realizado","45082.42"
"06/01/2022","06010023","01110039","031 - Secretaria de Infraestrutura e Desenvolvim.Urbano","XX.X97.118/ 0001-88","3.3.90.39.00 -  Outros serv.  de terc. pesso a jurídica","Dispensa","Realizado","12900"
"07/01/2022","07010004","13120003","032 - Secretaria de Cidadania e Segurança Pública","XX.X11.724/ 0001-10","3.3.90.30.00 -  Material de c onsumo","Dispensa","Realizado","9950"
"07/01/2022","07010003","06010010","042 - Secretaria de Educação","XXX.846. 813-34","3.3.90.14.00 -  Diárias - civ il","Outros/não se aplica","Realizado","1600"
"07/01/2022","07010002","06010008","042 - Secretaria de Educação","XXX.535. 663-65","3.3.90.14.00 -  Diárias - civ il","Outros/não se aplica","Realizado","1600"
"07/01/2022","07010005","07010006","038 - Secretaria de Administração e Finanças","XXX.042. 103-10","3.3.90.14.00 -  Diárias - civ il","Outros/não se aplica","Realizado","1600"
"07/01/2022","07010001","06010009","042 - Secretaria de Educação","XXX.385. 983-72","3.3.90.14.00 -  Diárias - civ il","Outros/não se aplica","Realizado","1600"
"10/01/2022","10010010","04010288","038 - Secretaria de Administração e Finanças","XX.X40.108/ 0001-57","3.3.90.39.00 -  Outros serv.  de terc. pesso a jurídica","Outros/não se aplica","Realizado","31.8"
"10/01/2022","10010022","01110037","031 - Secretaria de Infraestrutura e Desenvolvim.Urbano","XX.X55.669/ 0001-42","3.3.90.39.00 -  Outros serv.  de terc. pesso a jurídica","Concorrência","Realizado","51388.49"
"10/01/2022","10010021","01110037","031 - Secretaria de Infraestrutura e Desenvolvim.Urbano","XX.X55.669/ 0001-42","3.3.90.39.00 -  Outros serv.  de terc. pesso a jurídica","Concorrência","Realizado","450000"
"10/01/2022","10010024","18100003","043 - Secretaria de Saúde","XX.X64.983/ 0001-08","3.3.90.30.00 -  Material de c onsumo","Pregão","Realizado","30526.23"
"10/01/2022","10010025","16110015","043 - Secretaria de Saúde","XX.X64.983/ 0001-08","3.3.90.30.00 -  Material de c onsumo","Pregão","Realizado","120000"
"10/01/2022","10010023","04010215","042 - Secretaria de Educação","XX.X09.826/ 0001-95","3.3.90.39.00 -  Outros serv.  de terc. pesso a jurídica","Pregão","Realizado","32100"
"10/01/2022","10010011","03050039","038 - Secretaria de Administração e Finanças","XX.X28.316/ 0010-02","3.3.90.39.00 -  Outros serv.  de terc. pesso a jurídica","Outros/não se aplica","Realizado","519.24"
"10/01/2022","10010012","01120026","037 - Autarquia Municipal de Trânsito e Transporte","XX.X28.316/ 0010-02","3.3.90.39.00 -  Outros serv.  de terc. pesso a jurídica","Outros/não se aplica","Realizado","824.99"
"10/01/2022","10010013","01070021","037 - Autarquia Municipal de Trânsito e Transporte","XX.X28.316/ 0010-02","3.3.90.39.00 -  Outros serv.  de terc. pesso a jurídica","Outros/não se aplica","Realizado","890.71"
"10/01/2022","10010004","01020041","034 - Secretaria de Cultura","XX.X47.251/ 0001-70","3.3.90.39.00 -  Outros serv.  de terc. pesso a jurídica","Outros/não se aplica","Realizado","44.71"
"10/01/2022","10010005","01030051","046 - Secretaria de Meio Ambiente e Turismo","XX.X47.251/ 0001-70","3.3.90.39.00 -  Outros serv.  de terc. pesso a jurídica","Outros/não se aplica","Realizado","105.67"
"10/01/2022","10010006","01030051","046 - Secretaria de Meio Ambiente e Turismo","XX.X47.251/ 0001-70","3.3.90.39.00 -  Outros serv.  de terc. pesso a jurídica","Outros/não se aplica","Realizado","106.23"
"10/01/2022","10010007","01030051","046 - Secretaria de Meio Ambiente e Turismo","XX.X47.251/ 0001-70","3.3.90.39.00 -  Outros serv.  de terc. pesso a jurídica","Outros/não se aplica","Realizado","108.06"
"10/01/2022","10010002","03010107","044 - Secretaria do Trabalho e Desenvolvovimento Social","XX.X47.251/ 0001-70","3.3.90.92.00 -  Despesas de e xercícios ante riores","Outros/não se aplica","Realizado","326.1"
"10/01/2022","10010009","03010093","043 - Secretaria de Saúde","XX.X47.251/ 0001-70","3.3.90.92.00 -  Despesas de e xercícios ante riores","Outros/não se aplica","Realizado","347.99"
"10/01/2022","10010008","01110007","038 - Secretaria de Administração e Finanças","XX.X47.251/ 0001-70","3.3.90.39.00 -  Outros serv.  de terc. pesso a jurídica","Outros/não se aplica","Realizado","371.07"
"10/01/2022","10010001","03010105","044 - Secretaria do Trabalho e Desenvolvovimento Social","XX.X47.251/ 0001-70","3.3.90.92.00 -  Despesas de e xercícios ante riores","Outros/não se aplica","Realizado","803.39"
"10/01/2022","10010003","01110011","034 - Secretaria de Cultura","XX.X47.251/ 0001-70","3.3.90.39.00 -  Outros serv.  de terc. pesso a jurídica","Outros/não se aplica","Realizado","1919.41"
"10/01/2022","10010028","18100004","043 - Secretaria de Saúde","XX.X19.206/ 0001-48","3.3.90.30.00 -  Material de c onsumo","Pregão","Realizado","10456"
"10/01/2022","10010026","01100005","043 - Secretaria de Saúde","XX.X19.206/ 0001-48","3.3.90.30.00 -  Material de c onsumo","Pregão","Realizado","12926.95"
"10/01/2022","10010027","06100002","043 - Secretaria de Saúde","XX.X19.206/ 0001-48","3.3.90.30.00 -  Material de c onsumo","Pregão","Realizado","152771.7"
"10/01/2022","10010036","03090003","043 - Secretaria de Saúde","XX.X38.951/ 0001-54","3.3.90.39.00 -  Outros serv.  de terc. pesso a jurídica","Pregão","Realizado","303.4"
"10/01/2022","10010037","03090003","043 - Secretaria de Saúde","XX.X38.951/ 0001-54","3.3.90.39.00 -  Outros serv.  de terc. pesso a jurídica","Pregão","Realizado","606.8"
"10/01/2022","10010035","03090003","043 - Secretaria de Saúde","XX.X38.951/ 0001-54","3.3.90.39.00 -  Outros serv.  de terc. pesso a jurídica","Pregão","Realizado","606.8"
"10/01/2022","10010029","04010240","043 - Secretaria de Saúde","XX.X38.951/ 0001-54","3.3.90.39.00 -  Outros serv.  de terc. pesso a jurídica","Pregão","Realizado","1250"
"10/01/2022","10010032","03090003","043 - Secretaria de Saúde","XX.X38.951/ 0001-54","3.3.90.39.00 -  Outros serv.  de terc. pesso a jurídica","Pregão","Realizado","1517"
"10/01/2022","10010030","03090003","043 - Secretaria de Saúde","XX.X38.951/ 0001-54","3.3.90.39.00 -  Outros serv.  de terc. pesso a jurídica","Pregão","Realizado","1517"
"10/01/2022","10010034","03090003","043 - Secretaria de Saúde","XX.X38.951/ 0001-54","3.3.90.39.00 -  Outros serv.  de terc. pesso a jurídica","Pregão","Realizado","1517"
"10/01/2022","10010033","03110018","043 - Secretaria de Saúde","XX.X38.951/ 0001-54","3.3.90.39.00 -  Outros serv.  de terc. pesso a jurídica","Pregão","Realizado","1910"
"10/01/2022","10010031","04010240","043 - Secretaria de Saúde","XX.X38.951/ 0001-54","3.3.90.39.00 -  Outros serv.  de terc. pesso a jurídica","Pregão","Realizado","1910"
"10/01/2022","10010068","16110012","037 - Autarquia Municipal de Trânsito e Transporte","XX.X82.559/ 0001-75","3.3.90.39.00 -  Outros serv.  de terc. pesso a jurídica","Concorrência","Realizado","8411.2"
"10/01/2022","10010067","16110011","044 - Secretaria do Trabalho e Desenvolvovimento Social","XX.X82.559/ 0001-75","3.3.90.39.00 -  Outros serv.  de terc. pesso a jurídica","Concorrência","Realizado","9612.8"
"10/01/2022","10010066","16110009","043 - Secretaria de Saúde","XX.X82.559/ 0001-75","3.3.90.39.00 -  Outros serv.  de terc. pesso a jurídica","Concorrência","Realizado","13217.6"
"10/01/2022","10010065","16110010","042 - Secretaria de Educação","XX.X82.559/ 0001-75","3.3.90.39.00 -  Outros serv.  de terc. pesso a jurídica","Concorrência","Realizado","14419.2"
"10/01/2022","10010064","16110007","038 - Secretaria de Administração e Finanças","XX.X82.559/ 0001-75","3.3.90.39.00 -  Outros serv.  de terc. pesso a jurídica","Concorrência","Realizado","18024"
"10/01/2022","10010058","05100004","043 - Secretaria de Saúde","XX.X85.574/ 0001-71","3.3.90.30.00 -  Material de c onsumo","Pregão","Realizado","85.5"
"10/01/2022","10010039","24090001","043 - Secretaria de Saúde","XX.X85.574/ 0001-71","3.3.90.30.00 -  Material de c onsumo","Pregão","Realizado","264.42"
"10/01/2022","10010048","24090001","043 - Secretaria de Saúde","XX.X85.574/ 0001-71","3.3.90.30.00 -  Material de c onsumo","Pregão","Realizado","266"
"10/01/2022","10010052","07010010","043 - Secretaria de Saúde","XX.X85.574/ 0001-71","3.3.90.32.00 -  Material, bem  ou serv. p/ d ist. gratuita","Pregão","Realizado","400"
"10/01/2022","10010041","24090001","043 - Secretaria de Saúde","XX.X85.574/ 0001-71","3.3.90.30.00 -  Material de c onsumo","Pregão","Realizado","443.12"
"10/01/2022","10010051","07010010","043 - Secretaria de Saúde","XX.X85.574/ 0001-71","3.3.90.32.00 -  Material, bem  ou serv. p/ d ist. gratuita","Pregão","Realizado","600"
"10/01/2022","10010063","15100019","043 - Secretaria de Saúde","XX.X85.574/ 0001-71","3.3.90.30.00 -  Material de c onsumo","Pregão","Realizado","774"
"10/01/2022","10010062","15100019","043 - Secretaria de Saúde","XX.X85.574/ 0001-71","3.3.90.30.00 -  Material de c onsumo","Pregão","Realizado","776.6"
"10/01/2022","10010061","15100019","043 - Secretaria de Saúde","XX.X85.574/ 0001-71","3.3.90.30.00 -  Material de c onsumo","Pregão","Realizado","776.6"
"10/01/2022","10010050","24090001","043 - Secretaria de Saúde","XX.X85.574/ 0001-71","3.3.90.30.00 -  Material de c onsumo","Pregão","Realizado","1690.86"
"10/01/2022","10010054","02030007","043 - Secretaria de Saúde","XX.X85.574/ 0001-71","3.3.90.32.00 -  Material, bem  ou serv. p/ d ist. gratuita","Pregão","Realizado","1729.08"
"10/01/2022","10010043","24090001","043 - Secretaria de Saúde","XX.X85.574/ 0001-71","3.3.90.30.00 -  Material de c onsumo","Pregão","Realizado","2033.9"
"10/01/2022","10010045","24090001","043 - Secretaria de Saúde","XX.X85.574/ 0001-71","3.3.90.30.00 -  Material de c onsumo","Pregão","Realizado","2228.25"
"10/01/2022","10010059","05100004","043 - Secretaria de Saúde","XX.X85.574/ 0001-71","3.3.90.30.00 -  Material de c onsumo","Pregão","Realizado","2952"
"10/01/2022","10010060","05100004","043 - Secretaria de Saúde","XX.X85.574/ 0001-71","3.3.90.30.00 -  Material de c onsumo","Pregão","Realizado","3060"
"10/01/2022","10010040","24090001","043 - Secretaria de Saúde","XX.X85.574/ 0001-71","3.3.90.30.00 -  Material de c onsumo","Pregão","Realizado","3191.64"
"10/01/2022","10010056","19050011","043 - Secretaria de Saúde","XX.X85.574/ 0001-71","3.3.90.30.00 -  Material de c onsumo","Pregão","Realizado","3283"
"10/01/2022","10010042","24090004","043 - Secretaria de Saúde","XX.X85.574/ 0001-71","3.3.90.30.00 -  Material de c onsumo","Pregão","Realizado","3953.95"
"10/01/2022","10010046","24090004","043 - Secretaria de Saúde","XX.X85.574/ 0001-71","3.3.90.30.00 -  Material de c onsumo","Pregão","Realizado","4595.75"
"10/01/2022","10010055","19050011","043 - Secretaria de Saúde","XX.X85.574/ 0001-71","3.3.90.30.00 -  Material de c onsumo","Pregão","Realizado","4690"
"10/01/2022","10010053","02030007","043 - Secretaria de Saúde","XX.X85.574/ 0001-71","3.3.90.32.00 -  Material, bem  ou serv. p/ d ist. gratuita","Pregão","Realizado","5201.63"
"10/01/2022","10010038","18110002","043 - Secretaria de Saúde","XX.X85.574/ 0001-71","3.3.90.92.00 -  Despesas de e xercícios ante riores","Outros/não se aplica","Realizado","6592.24"
"10/01/2022","10010044","24090001","043 - Secretaria de Saúde","XX.X85.574/ 0001-71","3.3.90.30.00 -  Material de c onsumo","Pregão","Realizado","7780.87"
"10/01/2022","10010049","24090001","043 - Secretaria de Saúde","XX.X85.574/ 0001-71","3.3.90.30.00 -  Material de c onsumo","Pregão","Realizado","8164.4"
"10/01/2022","10010047","23090004","043 - Secretaria de Saúde","XX.X85.574/ 0001-71","3.3.90.30.00 -  Material de c onsumo","Pregão","Realizado","8943.12"
"10/01/2022","10010057","05100004","043 - Secretaria de Saúde","XX.X85.574/ 0001-71","3.3.90.30.00 -  Material de c onsumo","Pregão","Realizado","11748.61"
"10/01/2022","10010020","04010310","042 - Secretaria de Educação","XX.X00.118/ 0015-74","3.3.90.39.00 -  Outros serv.  de terc. pesso a jurídica","Outros/não se aplica","Realizado","103.77"
"10/01/2022","10010018","04010314","044 - Secretaria do Trabalho e Desenvolvovimento Social","XX.X00.118/ 0015-74","3.3.90.39.00 -  Outros serv.  de terc. pesso a jurídica","Outros/não se aplica","Realizado","109"
"10/01/2022","10010017","04010315","006 - Fundo Municipal de Assistência Social","XX.X00.118/ 0015-74","3.3.90.39.00 -  Outros serv.  de terc. pesso a jurídica","Outros/não se aplica","Realizado","145.6"
"10/01/2022","10010014","04010312","032 - Secretaria de Cidadania e Segurança Pública","XX.X00.118/ 0015-74","3.3.90.39.00 -  Outros serv.  de terc. pesso a jurídica","Outros/não se aplica","Realizado","159.57"
"10/01/2022","10010015","01090021","044 - Secretaria do Trabalho e Desenvolvovimento Social","XX.X00.118/ 0015-74","3.3.90.39.00 -  Outros serv.  de terc. pesso a jurídica","Outros/não se aplica","Realizado","168.36"
"10/01/2022","10010016","01090021","044 - Secretaria do Trabalho e Desenvolvovimento Social","XX.X00.118/ 0015-74","3.3.90.39.00 -  Outros serv.  de terc. pesso a jurídica","Outros/não se aplica","Realizado","203.07"
"10/01/2022","10010019","04010313","006 - Fundo Municipal de Assistência Social","XX.X00.118/ 0015-74","3.3.90.39.00 -  Outros serv.  de terc. pesso a jurídica","Outros/não se aplica","Realizado","208.67"
"11/01/2022","11010006","01120057","031 - Secretaria de Infraestrutura e Desenvolvim.Urbano","XX.X85.073/ 0001-40","4.4.90.51.00 -  Obras e insta lações","Tomada de preço","Realizado","108117.58"
"11/01/2022","11010008","03010036","042 - Secretaria de Educação","XX.X47.251/ 0001-70","3.3.90.39.00 -  Outros serv.  de terc. pesso a jurídica","Outros/não se aplica","Realizado","910.62"
"11/01/2022","11010007","10030008","038 - Secretaria de Administração e Finanças","XX.X48.237/ 0001-30","3.3.90.39.00 -  Outros serv.  de terc. pesso a jurídica","Dispensa","Realizado","4850"
"11/01/2022","11010002","04010241","031 - Secretaria de Infraestrutura e Desenvolvim.Urbano","XX.X32.774/ 0001-35","4.4.90.51.00 -  Obras e insta lações","Concorrência","Realizado","230268.54"
"11/01/2022","11010001","07010009","022 - Secretaria de Esporte e Juventude","XX.X38.373/ 0001-70","3.3.90.39.00 -  Outros serv.  de terc. pesso a jurídica","Outros/não se aplica","Realizado","219202.25"
"12/01/2022","12010045","25100007","042 - Secretaria de Educação","XX.X07.395/ 0001-68","3.3.90.39.00 -  Outros serv.  de terc. pesso a jurídica","Pregão","Realizado","1800"
"12/01/2022","12010044","01110026","044 - Secretaria do Trabalho e Desenvolvovimento Social","XX.X07.395/ 0001-68","3.3.90.39.00 -  Outros serv.  de terc. pesso a jurídica","Pregão","Realizado","1800"
"12/01/2022","12010046","01110025","038 - Secretaria de Administração e Finanças","XX.X07.395/ 0001-68","3.3.90.39.00 -  Outros serv.  de terc. pesso a jurídica","Pregão","Realizado","1800"
"12/01/2022","12010048","11110007","037 - Autarquia Municipal de Trânsito e Transporte","XX.X58.968/ 0001-87","3.3.90.39.00 -  Outros serv.  de terc. pesso a jurídica","Tomada de preço","Realizado","1200"
"12/01/2022","12010001","12070013","042 - Secretaria de Educação","XX.X58.968/ 0001-87","3.3.90.39.00 -  Outros serv.  de terc. pesso a jurídica","Tomada de preço","Realizado","9506"
"12/01/2022","12010011","01060021","044 - Secretaria do Trabalho e Desenvolvovimento Social","XX.X08.428/ 0001-93","3.3.90.39.00 -  Outros serv.  de terc. pesso a jurídica","Tomada de preço","Realizado","4500"
"12/01/2022","12010013","01060028","043 - Secretaria de Saúde","XX.X08.428/ 0001-93","3.3.90.39.00 -  Outros serv.  de terc. pesso a jurídica","Tomada de preço","Realizado","4500"
"12/01/2022","12010010","01060022","038 - Secretaria de Administração e Finanças","XX.X08.428/ 0001-93","3.3.90.39.00 -  Outros serv.  de terc. pesso a jurídica","Tomada de preço","Realizado","4500"
"12/01/2022","12010014","01060019","042 - Secretaria de Educação","XX.X08.428/ 0001-93","3.3.90.39.00 -  Outros serv.  de terc. pesso a jurídica","Tomada de preço","Realizado","4500"
"12/01/2022","12010015","01060020","037 - Autarquia Municipal de Trânsito e Transporte","XX.X08.428/ 0001-93","3.3.90.39.00 -  Outros serv.  de terc. pesso a jurídica","Tomada de preço","Realizado","4500"
"12/01/2022","12010012","01060018","031 - Secretaria de Infraestrutura e Desenvolvim.Urbano","XX.X08.428/ 0001-93","3.3.90.39.00 -  Outros serv.  de terc. pesso a jurídica","Tomada de preço","Realizado","4500"
"12/01/2022","12010016","10120003","037 - Autarquia Municipal de Trânsito e Transporte","XXX.975. 863-05","3.3.90.93.00 -  Indenizações  e restituições","Outros/não se aplica","Realizado","293.47"
"12/01/2022","12010017","01020005","038 - Secretaria de Administração e Finanças","XXX.238. 563-72","3.3.90.36.00 -  Outros serv.  de terceiros p essoa física","Dispensa","Realizado","3100"
"12/01/2022","12010002","15100007","032 - Secretaria de Cidadania e Segurança Pública","XX.X40.639/ 0001-30","3.3.90.39.00 -  Outros serv.  de terc. pesso a jurídica","Pregão","Realizado","115.44"
"12/01/2022","12010043","07100008","042 - Secretaria de Educação","XX.X40.639/ 0001-30","3.3.90.39.00 -  Outros serv.  de terc. pesso a jurídica","Pregão","Realizado","766.4"
"12/01/2022","12010028","01120011","039 - Gabinete do Prefeito","XX.X40.639/ 0001-30","3.3.90.30.00 -  Material de c onsumo","Pregão","Realizado","817.76"
"12/01/2022","12010021","17090008","034 - Secretaria de Cultura","XX.X40.639/ 0001-30","3.3.90.30.00 -  Material de c onsumo","Pregão","Realizado","1094.2"
"12/01/2022","12010038","24090007","043 - Secretaria de Saúde","XX.X40.639/ 0001-30","3.3.90.30.00 -  Material de c onsumo","Pregão","Realizado","1185.53"
"12/01/2022","12010025","08100007","013 - Procuradoria Geral do Municipio","XX.X40.639/ 0001-30","3.3.90.30.00 -  Material de c onsumo","Pregão","Realizado","1300.85"
"12/01/2022","12010018","14090001","046 - Secretaria de Meio Ambiente e Turismo","XX.X40.639/ 0001-30","3.3.90.39.00 -  Outros serv.  de terc. pesso a jurídica","Pregão","Realizado","1428.6"
"12/01/2022","12010041","03110019","043 - Secretaria de Saúde","XX.X40.639/ 0001-30","3.3.90.30.00 -  Material de c onsumo","Pregão","Realizado","1434.55"
"12/01/2022","12010008","15100003","039 - Gabinete do Prefeito","XX.X40.639/ 0001-30","3.3.90.39.00 -  Outros serv.  de terc. pesso a jurídica","Pregão","Realizado","1508.42"
"12/01/2022","12010036","01120005","038 - Secretaria de Administração e Finanças","XX.X40.639/ 0001-30","3.3.90.30.00 -  Material de c onsumo","Pregão","Realizado","1539.97"
"12/01/2022","12010035","06100008","038 - Secretaria de Administração e Finanças","XX.X40.639/ 0001-30","3.3.90.30.00 -  Material de c onsumo","Pregão","Realizado","1813.15"
"12/01/2022","12010030","16090011","006 - Fundo Municipal de Assistência Social","XX.X40.639/ 0001-30","3.3.90.30.00 -  Material de c onsumo","Pregão","Realizado","1905.59"
"12/01/2022","12010033","16090013","006 - Fundo Municipal de Assistência Social","XX.X40.639/ 0001-30","3.3.90.30.00 -  Material de c onsumo","Pregão","Realizado","1905.9"
"12/01/2022","12010034","16090009","044 - Secretaria do Trabalho e Desenvolvovimento Social","XX.X40.639/ 0001-30","3.3.90.30.00 -  Material de c onsumo","Pregão","Realizado","2029.79"
"12/01/2022","12010042","07100012","042 - Secretaria de Educação","XX.X40.639/ 0001-30","3.3.90.30.00 -  Material de c onsumo","Pregão","Realizado","3004.52"
"12/01/2022","12010031","16090012","006 - Fundo Municipal de Assistência Social","XX.X40.639/ 0001-30","3.3.90.30.00 -  Material de c onsumo","Pregão","Realizado","3832.27"
"12/01/2022","12010020","16090007","022 - Secretaria de Esporte e Juventude","XX.X40.639/ 0001-30","3.3.90.30.00 -  Material de c onsumo","Pregão","Realizado","4312.24"
"12/01/2022","12010004","07100006","040 - Secretaria de Agricultura, Rec. Hídricos e Pesca","XX.X40.639/ 0001-30","3.3.90.39.00 -  Outros serv.  de terc. pesso a jurídica","Pregão","Realizado","4337.47"
"12/01/2022","12010007","21100003","031 - Secretaria de Infraestrutura e Desenvolvim.Urbano","XX.X40.639/ 0001-30","3.3.90.39.00 -  Outros serv.  de terc. pesso a jurídica","Pregão","Realizado","4442.13"
"12/01/2022","12010029","15100010","037 - Autarquia Municipal de Trânsito e Transporte","XX.X40.639/ 0001-30","3.3.90.30.00 -  Material de c onsumo","Pregão","Realizado","4598.47"
"12/01/2022","12010009","15100009","039 - Gabinete do Prefeito","XX.X40.639/ 0001-30","3.3.90.30.00 -  Material de c onsumo","Pregão","Realizado","4602.41"
"12/01/2022","12010023","29090012","042 - Secretaria de Educação","XX.X40.639/ 0001-30","3.3.90.30.00 -  Material de c onsumo","Pregão","Realizado","4617.87"
"12/01/2022","12010003","15100006","032 - Secretaria de Cidadania e Segurança Pública","XX.X40.639/ 0001-30","3.3.90.30.00 -  Material de c onsumo","Pregão","Realizado","4791.53"
"12/01/2022","12010032","16090010","006 - Fundo Municipal de Assistência Social","XX.X40.639/ 0001-30","3.3.90.30.00 -  Material de c onsumo","Pregão","Realizado","5100.29"
"12/01/2022","12010027","06100009","039 - Gabinete do Prefeito","XX.X40.639/ 0001-30","3.3.90.30.00 -  Material de c onsumo","Pregão","Realizado","6291.44"
"12/01/2022","12010006","21100004","031 - Secretaria de Infraestrutura e Desenvolvim.Urbano","XX.X40.639/ 0001-30","3.3.90.30.00 -  Material de c onsumo","Pregão","Realizado","6887.92"
"12/01/2022","12010026","29090001","032 - Secretaria de Cidadania e Segurança Pública","XX.X40.639/ 0001-30","3.3.90.30.00 -  Material de c onsumo","Pregão","Realizado","8818.09"
"12/01/2022","12010005","07100007","040 - Secretaria de Agricultura, Rec. Hídricos e Pesca","XX.X40.639/ 0001-30","3.3.90.30.00 -  Material de c onsumo","Pregão","Realizado","11656.08"
"12/01/2022","12010037","17090006","043 - Secretaria de Saúde","XX.X40.639/ 0001-30","3.3.90.30.00 -  Material de c onsumo","Pregão","Realizado","13427.24"
"12/01/2022","12010024","29090011","042 - Secretaria de Educação","XX.X40.639/ 0001-30","3.3.90.30.00 -  Material de c onsumo","Pregão","Realizado","17933.14"
"12/01/2022","12010039","21090004","043 - Secretaria de Saúde","XX.X40.639/ 0001-30","3.3.90.30.00 -  Material de c onsumo","Pregão","Realizado","21624.02"
"12/01/2022","12010040","17090003","043 - Secretaria de Saúde","XX.X40.639/ 0001-30","3.3.90.30.00 -  Material de c onsumo","Pregão","Realizado","29938.12"
"12/01/2022","12010022","01100008","040 - Secretaria de Agricultura, Rec. Hídricos e Pesca","XX.X40.639/ 0001-30","3.3.90.30.00 -  Material de c onsumo","Pregão","Realizado","41359.49"
"12/01/2022","12010019","01090008","031 - Secretaria de Infraestrutura e Desenvolvim.Urbano","XX.X40.639/ 0001-30","3.3.90.30.00 -  Material de c onsumo","Pregão","Realizado","48272.12"
"14/01/2022","14010003","09110015","043 - Secretaria de Saúde","XX.X19.842/ 0001-44","3.3.90.39.00 -  Outros serv.  de terc. pesso a jurídica","Pregão","Realizado","6122.07"
"14/01/2022","14010002","09110015","043 - Secretaria de Saúde","XX.X19.842/ 0001-44","3.3.90.39.00 -  Outros serv.  de terc. pesso a jurídica","Pregão","Realizado","12666.36"
"14/01/2022","14010024","03010159","043 - Secretaria de Saúde","XX.X60.305/ 0001-04","3.3.90.39.00 -  Outros serv.  de terc. pesso a jurídica","Outros/não se aplica","Realizado","10.45"
"14/01/2022","14010022","20080002","043 - Secretaria de Saúde","XX.X23.994/ 0001-63","4.4.90.52.00 -  Equipamentos  e material per manente","Pregão","Realizado","28200"
"14/01/2022","14010023","28090011","043 - Secretaria de Saúde","XX.X23.994/ 0001-63","4.4.90.52.00 -  Equipamentos  e material per manente","Pregão","Realizado","28200"
"14/01/2022","14010020","11010009","031 - Secretaria de Infraestrutura e Desenvolvim.Urbano","XX.X69.838/ 0001-60","4.4.90.51.00 -  Obras e insta lações","Tomada de preço","Realizado","78625.94"
"14/01/2022","14010001","05080014","043 - Secretaria de Saúde","XX.X89.803/ 0001-67","3.3.90.39.00 -  Outros serv.  de terc. pesso a jurídica","Pregão","Realizado","20000"
"14/01/2022","14010010","08100006","047 - Secretaria de Desenvolvimento Econômico","XX.X90.562/ 0001-20","3.3.90.30.00 -  Material de c onsumo","Pregão","Realizado","176.9"
"14/01/2022","14010011","09110007","047 - Secretaria de Desenvolvimento Econômico","XX.X90.562/ 0001-20","3.3.90.30.00 -  Material de c onsumo","Pregão","Realizado","176.9"
"14/01/2022","14010012","29120010","047 - Secretaria de Desenvolvimento Econômico","XX.X90.562/ 0001-20","3.3.90.30.00 -  Material de c onsumo","Pregão","Realizado","176.9"
"14/01/2022","14010018","20100006","040 - Secretaria de Agricultura, Rec. Hídricos e Pesca","XX.X90.562/ 0001-20","3.3.90.30.00 -  Material de c onsumo","Pregão","Realizado","241.9"
"14/01/2022","14010013","01090006","047 - Secretaria de Desenvolvimento Econômico","XX.X90.562/ 0001-20","3.3.90.30.00 -  Material de c onsumo","Pregão","Realizado","255.8"
"14/01/2022","14010014","15070002","047 - Secretaria de Desenvolvimento Econômico","XX.X90.562/ 0001-20","3.3.90.30.00 -  Material de c onsumo","Pregão","Realizado","264.15"
"14/01/2022","14010015","26070003","037 - Autarquia Municipal de Trânsito e Transporte","XX.X90.562/ 0001-20","3.3.90.30.00 -  Material de c onsumo","Pregão","Realizado","478.5"
"14/01/2022","14010019","26100001","031 - Secretaria de Infraestrutura e Desenvolvim.Urbano","XX.X90.562/ 0001-20","3.3.90.30.00 -  Material de c onsumo","Pregão","Realizado","480.5"
"14/01/2022","14010016","26070001","032 - Secretaria de Cidadania e Segurança Pública","XX.X90.562/ 0001-20","3.3.90.30.00 -  Material de c onsumo","Pregão","Realizado","897.5"
"14/01/2022","14010017","19080009","034 - Secretaria de Cultura","XX.X90.562/ 0001-20","3.3.90.30.00 -  Material de c onsumo","Pregão","Realizado","1319.86"
"14/01/2022","14010005","19080004","043 - Secretaria de Saúde","XX.X90.562/ 0001-20","3.3.90.30.00 -  Material de c onsumo","Pregão","Realizado","1350.8"
"14/01/2022","14010008","13070005","038 - Secretaria de Administração e Finanças","XX.X90.562/ 0001-20","3.3.90.30.00 -  Material de c onsumo","Dispensa","Realizado","3000"
"14/01/2022","14010004","19080003","043 - Secretaria de Saúde","XX.X90.562/ 0001-20","3.3.90.30.00 -  Material de c onsumo","Pregão","Realizado","4423"
"14/01/2022","14010009","04080001","038 - Secretaria de Administração e Finanças","XX.X90.562/ 0001-20","3.3.90.30.00 -  Material de c onsumo","Pregão","Realizado","5019.5"
"14/01/2022","14010007","05080001","043 - Secretaria de Saúde","XX.X90.562/ 0001-20","3.3.90.30.00 -  Material de c onsumo","Pregão","Realizado","15968.77"
"14/01/2022","14010006","05080001","043 - Secretaria de Saúde","XX.X90.562/ 0001-20","3.3.90.30.00 -  Material de c onsumo","Pregão","Realizado","63127.21"
"17/01/2022","17010003","03010128","028 - Instituto de Previdência do Município","XXX.846. 613-15","3.3.90.36.00 -  Outros serv.  de terceiros p essoa física","Dispensa","Realizado","3126.82"
"17/01/2022","17010002","17010001","042 - Secretaria de Educação","XX.X35.601/ 0001-50","3.3.90.39.00 -  Outros serv.  de terc. pesso a jurídica","Outros/não se aplica","Realizado","88.78"
"17/01/2022","17010001","17010002","031 - Secretaria de Infraestrutura e Desenvolvim.Urbano","XX.X35.601/ 0001-50","3.3.90.39.00 -  Outros serv.  de terc. pesso a jurídica","Outros/não se aplica","Realizado","88.78"
"18/01/2022","18010024","03010009","028 - Instituto de Previdência do Município","XX.X47.251/ 0001-70","3.3.90.39.00 -  Outros serv.  de terc. pesso a jurídica","Outros/não se aplica","Realizado","1381.98"
"18/01/2022","18010022","03110020","043 - Secretaria de Saúde","XX.X55.196/ 0001-86","3.3.90.93.00 -  Indenizações  e restituições","Outros/não se aplica","Realizado","4044.66"
"18/01/2022","18010021","03110020","043 - Secretaria de Saúde","XX.X55.196/ 0001-86","3.3.90.93.00 -  Indenizações  e restituições","Outros/não se aplica","Realizado","4044.66"
"18/01/2022","18010023","03110020","043 - Secretaria de Saúde","XX.X55.196/ 0001-86","3.3.90.93.00 -  Indenizações  e restituições","Outros/não se aplica","Realizado","5055.83"
"18/01/2022","18010020","03120004","043 - Secretaria de Saúde","XX.X17.073/ 0001-22","3.3.90.39.00 -  Outros serv.  de terc. pesso a jurídica","Pregão","Realizado","409.29"
"18/01/2022","18010005","01120032","038 - Secretaria de Administração e Finanças","XX.X17.073/ 0001-22","3.3.90.39.00 -  Outros serv.  de terc. pesso a jurídica","Pregão","Realizado","409.29"
"18/01/2022","18010002","01110020","037 - Autarquia Municipal de Trânsito e Transporte","XX.X17.073/ 0001-22","3.3.90.39.00 -  Outros serv.  de terc. pesso a jurídica","Pregão","Realizado","409.29"
"18/01/2022","18010018","01110019","040 - Secretaria de Agricultura, Rec. Hídricos e Pesca","XX.X17.073/ 0001-22","3.3.90.39.00 -  Outros serv.  de terc. pesso a jurídica","Pregão","Realizado","409.29"
"18/01/2022","18010019","01120030","031 - Secretaria de Infraestrutura e Desenvolvim.Urbano","XX.X17.073/ 0001-22","3.3.90.39.00 -  Outros serv.  de terc. pesso a jurídica","Pregão","Realizado","409.29"
"18/01/2022","18010016","01110022","022 - Secretaria de Esporte e Juventude","XX.X17.073/ 0001-22","3.3.90.39.00 -  Outros serv.  de terc. pesso a jurídica","Pregão","Realizado","818.58"
"18/01/2022","18010017","01110021","034 - Secretaria de Cultura","XX.X17.073/ 0001-22","3.3.90.39.00 -  Outros serv.  de terc. pesso a jurídica","Pregão","Realizado","818.58"
"18/01/2022","18010011","19110005","042 - Secretaria de Educação","XX.X17.073/ 0001-22","3.3.90.39.00 -  Outros serv.  de terc. pesso a jurídica","Pregão","Realizado","1227.87"
"18/01/2022","18010013","01110015","006 - Fundo Municipal de Assistência Social","XX.X17.073/ 0001-22","3.3.90.39.00 -  Outros serv.  de terc. pesso a jurídica","Pregão","Realizado","1227.87"
"18/01/2022","18010012","01110014","006 - Fundo Municipal de Assistência Social","XX.X17.073/ 0001-22","3.3.90.39.00 -  Outros serv.  de terc. pesso a jurídica","Pregão","Realizado","1227.87"
"18/01/2022","18010001","03110013","043 - Secretaria de Saúde","XX.X17.073/ 0001-22","3.3.90.39.00 -  Outros serv.  de terc. pesso a jurídica","Carona","Realizado","2000"
"18/01/2022","18010010","19110007","042 - Secretaria de Educação","XX.X17.073/ 0001-22","3.3.90.39.00 -  Outros serv.  de terc. pesso a jurídica","Pregão","Realizado","2046.45"
"18/01/2022","18010014","01110018","044 - Secretaria do Trabalho e Desenvolvovimento Social","XX.X17.073/ 0001-22","3.3.90.39.00 -  Outros serv.  de terc. pesso a jurídica","Pregão","Realizado","2046.45"
"18/01/2022","18010007","19110005","042 - Secretaria de Educação","XX.X17.073/ 0001-22","3.3.90.39.00 -  Outros serv.  de terc. pesso a jurídica","Pregão","Realizado","2455.74"
"18/01/2022","18010008","19110005","042 - Secretaria de Educação","XX.X17.073/ 0001-22","3.3.90.39.00 -  Outros serv.  de terc. pesso a jurídica","Pregão","Realizado","2455.74"
"18/01/2022","18010003","01110035","038 - Secretaria de Administração e Finanças","XX.X17.073/ 0001-22","3.3.90.39.00 -  Outros serv.  de terc. pesso a jurídica","Carona","Realizado","2500"
"18/01/2022","18010015","01110016","044 - Secretaria do Trabalho e Desenvolvovimento Social","XX.X17.073/ 0001-22","3.3.90.39.00 -  Outros serv.  de terc. pesso a jurídica","Carona","Realizado","2500"
"18/01/2022","18010004","01120031","038 - Secretaria de Administração e Finanças","XX.X17.073/ 0001-22","3.3.90.39.00 -  Outros serv.  de terc. pesso a jurídica","Pregão","Realizado","3683.61"
"18/01/2022","18010009","19110006","042 - Secretaria de Educação","XX.X17.073/ 0001-22","3.3.90.39.00 -  Outros serv.  de terc. pesso a jurídica","Pregão","Realizado","4092.9"
"18/01/2022","18010006","22100010","042 - Secretaria de Educação","XX.X17.073/ 0001-22","3.3.90.39.00 -  Outros serv.  de terc. pesso a jurídica","Carona","Realizado","8500"
"19/01/2022","19010007","11010007","042 - Secretaria de Educação","XX.X19.752/ 0001-04","3.3.90.39.00 -  Outros serv.  de terc. pesso a jurídica","Outros/não se aplica","Realizado","226.62"
"19/01/2022","19010006","10010012","042 - Secretaria de Educação","XX.X65.473/ 0001-51","3.3.90.39.00 -  Outros serv.  de terc. pesso a jurídica","Outros/não se aplica","Realizado","209.67"
"19/01/2022","19010005","10110003","042 - Secretaria de Educação","XX.X23.440/ 0001-73","3.3.90.39.00 -  Outros serv.  de terc. pesso a jurídica","Pregão","Realizado","2568.03"
"19/01/2022","19010003","24110003","042 - Secretaria de Educação","XX.X23.440/ 0001-73","4.4.90.52.00 -  Equipamentos  e material per manente","Pregão","Realizado","8153.5"
"19/01/2022","19010001","24110002","042 - Secretaria de Educação","XX.X23.440/ 0001-73","4.4.90.52.00 -  Equipamentos  e material per manente","Pregão","Realizado","8153.5"
"19/01/2022","19010002","10110010","042 - Secretaria de Educação","XX.X23.440/ 0001-73","4.4.90.52.00 -  Equipamentos  e material per manente","Pregão","Realizado","8153.5"
"19/01/2022","19010004","16120005","042 - Secretaria de Educação","XX.X23.440/ 0001-73","4.4.90.52.00 -  Equipamentos  e material per manente","Pregão","Realizado","12843.78"
"20/01/2022","20010012","25100006","043 - Secretaria de Saúde","XX.X32.135/ 0001-49","3.3.90.39.00 -  Outros serv.  de terc. pesso a jurídica","Concorrência","Realizado","2812.5"
"20/01/2022","20010006","01110002","042 - Secretaria de Educação","XX.X01.411/ 0001-05","3.3.90.39.00 -  Outros serv.  de terc. pesso a jurídica","Pregão","Realizado","13658.4"
"20/01/2022","20010003","01110001","042 - Secretaria de Educação","XX.X01.411/ 0001-05","3.3.90.39.00 -  Outros serv.  de terc. pesso a jurídica","Pregão","Realizado","119912.58"
"20/01/2022","20010002","17010004","042 - Secretaria de Educação","XX.X65.473/ 0001-51","3.3.90.39.00 -  Outros serv.  de terc. pesso a jurídica","Outros/não se aplica","Realizado","60.78"
"20/01/2022","20010001","01120027","038 - Secretaria de Administração e Finanças","XX.X00.118/ 0015-74","3.3.90.39.00 -  Outros serv.  de terc. pesso a jurídica","Outros/não se aplica","Realizado","739.12"
"20/01/2022","20010009","03120004","043 - Secretaria de Saúde","XX.X17.073/ 0001-22","3.3.90.39.00 -  Outros serv.  de terc. pesso a jurídica","Pregão","Realizado","818.28"
"20/01/2022","20010010","06120004","043 - Secretaria de Saúde","XX.X17.073/ 0001-22","3.3.90.39.00 -  Outros serv.  de terc. pesso a jurídica","Pregão","Realizado","2455.74"
"20/01/2022","20010011","03120005","043 - Secretaria de Saúde","XX.X17.073/ 0001-22","3.3.90.39.00 -  Outros serv.  de terc. pesso a jurídica","Pregão","Realizado","7367.22"
"21/01/2022","21010007","05080007","006 - Fundo Municipal de Assistência Social","XX.X47.224/ 0001-77","3.3.90.39.00 -  Outros serv.  de terc. pesso a jurídica","Pregão","Realizado","4472"
"21/01/2022","21010001","05080011","006 - Fundo Municipal de Assistência Social","XX.X47.224/ 0001-77","3.3.90.39.00 -  Outros serv.  de terc. pesso a jurídica","Pregão","Realizado","4472"
"21/01/2022","21010014","06090002","042 - Secretaria de Educação","XX.X47.224/ 0001-77","3.3.90.39.00 -  Outros serv.  de terc. pesso a jurídica","Pregão","Realizado","7916.66"
"21/01/2022","21010012","19080002","039 - Gabinete do Prefeito","XX.X47.224/ 0001-77","3.3.90.39.00 -  Outros serv.  de terc. pesso a jurídica","Pregão","Realizado","7916.66"
"21/01/2022","21010013","04080004","040 - Secretaria de Agricultura, Rec. Hídricos e Pesca","XX.X47.224/ 0001-77","3.3.90.39.00 -  Outros serv.  de terc. pesso a jurídica","Pregão","Realizado","7916.66"
"21/01/2022","21010004","05080005","006 - Fundo Municipal de Assistência Social","XX.X47.224/ 0001-77","3.3.90.39.00 -  Outros serv.  de terc. pesso a jurídica","Pregão","Realizado","8944"
"21/01/2022","21010010","01090010","031 - Secretaria de Infraestrutura e Desenvolvim.Urbano","XX.X47.224/ 0001-77","3.3.90.39.00 -  Outros serv.  de terc. pesso a jurídica","Pregão","Realizado","22824"
"21/01/2022","21010017","01070004","043 - Secretaria de Saúde","XX.X47.224/ 0001-77","3.3.90.39.00 -  Outros serv.  de terc. pesso a jurídica","Pregão","Realizado","31305.54"
"21/01/2022","21010027","01070005","043 - Secretaria de Saúde","XX.X47.224/ 0001-77","3.3.90.39.00 -  Outros serv.  de terc. pesso a jurídica","Pregão","Realizado","48299.98"
"21/01/2022","21010011","01030060","031 - Secretaria de Infraestrutura e Desenvolvim.Urbano","XX.X47.224/ 0001-77","3.3.90.39.00 -  Outros serv.  de terc. pesso a jurídica","Pregão","Realizado","88488"
"21/01/2022","21010030","21010005","028 - Instituto de Previdência do Município","XXX.799. 088-75","3.3.90.14.00 -  Diárias - civ il","Outros/não se aplica","Realizado","50"
"21/01/2022","21010022","06010005","042 - Secretaria de Educação","XX.X01.608/ 0001-89","3.3.90.30.00 -  Material de c onsumo","Pregão","Realizado","475"
"21/01/2022","21010021","06010003","042 - Secretaria de Educação","XX.X01.608/ 0001-89","3.3.90.30.00 -  Material de c onsumo","Pregão","Realizado","4500"
"21/01/2022","21010023","06010005","042 - Secretaria de Educação","XX.X01.608/ 0001-89","3.3.90.30.00 -  Material de c onsumo","Pregão","Realizado","9900"
"21/01/2022","21010025","06010005","042 - Secretaria de Educação","XX.X01.608/ 0001-89","3.3.90.30.00 -  Material de c onsumo","Pregão","Realizado","25700"
"21/01/2022","21010019","06010003","042 - Secretaria de Educação","XX.X01.608/ 0001-89","3.3.90.30.00 -  Material de c onsumo","Pregão","Realizado","28335"
"21/01/2022","21010018","06010005","042 - Secretaria de Educação","XX.X01.608/ 0001-89","3.3.90.30.00 -  Material de c onsumo","Pregão","Realizado","34590"
"21/01/2022","21010020","06010005","042 - Secretaria de Educação","XX.X01.608/ 0001-89","3.3.90.30.00 -  Material de c onsumo","Pregão","Realizado","48800"
"25/01/2022","25010003","03010301","034 - Secretaria de Cultura","XX.X60.305/ 0001-04","3.3.90.39.00 -  Outros serv.  de terc. pesso a jurídica","Outros/não se aplica","Realizado","49"
"25/01/2022","25010004","03010301","034 - Secretaria de Cultura","XX.X60.305/ 0001-04","3.3.90.39.00 -  Outros serv.  de terc. pesso a jurídica","Outros/não se aplica","Realizado","49"
"25/01/2022","25010005","03010304","031 - Secretaria de Infraestrutura e Desenvolvim.Urbano","XX.X60.305/ 0001-04","3.3.90.39.00 -  Outros serv.  de terc. pesso a jurídica","Outros/não se aplica","Realizado","49"
"25/01/2022","25010001","25010005","028 - Instituto de Previdência do Município","XXX.696. 003-78","3.3.90.14.00 -  Diárias - civ il","Outros/não se aplica","Realizado","70"
"25/01/2022","25010002","03010212","028 - Instituto de Previdência do Município","XX.X54.480/ 0001-79","3.3.90.47.00 -  Obrigações tr ibutárias e co ntributivas","Outros/não se aplica","Realizado","20371.22"
"26/01/2022","26010006","03010028","038 - Secretaria de Administração e Finanças","XX.X40.108/ 0001-57","3.3.90.39.00 -  Outros serv.  de terc. pesso a jurídica","Outros/não se aplica","Realizado","31.8"
"26/01/2022","26010007","03010046","043 - Secretaria de Saúde","XX.X40.108/ 0001-57","3.3.90.39.00 -  Outros serv.  de terc. pesso a jurídica","Outros/não se aplica","Realizado","31.8"
"26/01/2022","26010005","03010046","043 - Secretaria de Saúde","XX.X40.108/ 0001-57","3.3.90.39.00 -  Outros serv.  de terc. pesso a jurídica","Outros/não se aplica","Realizado","32.49"
"26/01/2022","26010021","01120064","038 - Secretaria de Administração e Finanças","XX.X40.108/ 0001-57","3.3.90.39.00 -  Outros serv.  de terc. pesso a jurídica","Outros/não se aplica","Realizado","101.33"
"26/01/2022","26010018","04010294","032 - Secretaria de Cidadania e Segurança Pública","XX.X40.108/ 0001-57","3.3.90.39.00 -  Outros serv.  de terc. pesso a jurídica","Outros/não se aplica","Realizado","101.33"
"26/01/2022","26010017","04010276","031 - Secretaria de Infraestrutura e Desenvolvim.Urbano","XX.X40.108/ 0001-57","3.3.90.39.00 -  Outros serv.  de terc. pesso a jurídica","Outros/não se aplica","Realizado","101.33"
"26/01/2022","26010011","01030045","043 - Secretaria de Saúde","XX.X40.108/ 0001-57","3.3.90.39.00 -  Outros serv.  de terc. pesso a jurídica","Outros/não se aplica","Realizado","101.33"
"26/01/2022","26010012","01110017","044 - Secretaria do Trabalho e Desenvolvovimento Social","XX.X40.108/ 0001-57","3.3.90.39.00 -  Outros serv.  de terc. pesso a jurídica","Outros/não se aplica","Realizado","101.33"
"26/01/2022","26010019","01120063","040 - Secretaria de Agricultura, Rec. Hídricos e Pesca","XX.X40.108/ 0001-57","3.3.90.39.00 -  Outros serv.  de terc. pesso a jurídica","Outros/não se aplica","Realizado","101.33"
"26/01/2022","26010016","04010275","022 - Secretaria de Esporte e Juventude","XX.X40.108/ 0001-57","3.3.90.39.00 -  Outros serv.  de terc. pesso a jurídica","Outros/não se aplica","Realizado","202.53"
"26/01/2022","26010008","04010286","006 - Fundo Municipal de Assistência Social","XX.X40.108/ 0001-57","3.3.90.39.00 -  Outros serv.  de terc. pesso a jurídica","Outros/não se aplica","Realizado","202.66"
"26/01/2022","26010015","01070012","031 - Secretaria de Infraestrutura e Desenvolvim.Urbano","XX.X40.108/ 0001-57","3.3.90.39.00 -  Outros serv.  de terc. pesso a jurídica","Outros/não se aplica","Realizado","202.66"
"26/01/2022","26010009","01120060","043 - Secretaria de Saúde","XX.X40.108/ 0001-57","3.3.90.39.00 -  Outros serv.  de terc. pesso a jurídica","Outros/não se aplica","Realizado","202.66"
"26/01/2022","26010014","01120062","042 - Secretaria de Educação","XX.X40.108/ 0001-57","3.3.90.39.00 -  Outros serv.  de terc. pesso a jurídica","Outros/não se aplica","Realizado","275.02"
"26/01/2022","26010010","01090012","006 - Fundo Municipal de Assistência Social","XX.X40.108/ 0001-57","3.3.90.39.00 -  Outros serv.  de terc. pesso a jurídica","Outros/não se aplica","Realizado","303.99"
"26/01/2022","26010026","04010277","034 - Secretaria de Cultura","XX.X40.108/ 0001-57","3.3.90.39.00 -  Outros serv.  de terc. pesso a jurídica","Outros/não se aplica","Realizado","397.35"
"26/01/2022","26010013","01120061","043 - Secretaria de Saúde","XX.X40.108/ 0001-57","3.3.90.39.00 -  Outros serv.  de terc. pesso a jurídica","Outros/não se aplica","Realizado","414.08"
"26/01/2022","26010022","01120065","047 - Secretaria de Desenvolvimento Econômico","XX.X40.108/ 0001-57","3.3.90.39.00 -  Outros serv.  de terc. pesso a jurídica","Outros/não se aplica","Realizado","699.6"
"26/01/2022","26010027","04010280","042 - Secretaria de Educação","XX.X40.108/ 0001-57","3.3.90.39.00 -  Outros serv.  de terc. pesso a jurídica","Outros/não se aplica","Realizado","806.21"
"26/01/2022","26010024","04010274","032 - Secretaria de Cidadania e Segurança Pública","XX.X40.108/ 0001-57","3.3.90.39.00 -  Outros serv.  de terc. pesso a jurídica","Outros/não se aplica","Realizado","978.18"
"26/01/2022","26010025","01120067","032 - Secretaria de Cidadania e Segurança Pública","XX.X40.108/ 0001-57","3.3.90.39.00 -  Outros serv.  de terc. pesso a jurídica","Outros/não se aplica","Realizado","1368.36"
"26/01/2022","26010029","01120068","043 - Secretaria de Saúde","XX.X40.108/ 0001-57","3.3.90.39.00 -  Outros serv.  de terc. pesso a jurídica","Outros/não se aplica","Realizado","1843.14"
"26/01/2022","26010020","04010293","031 - Secretaria de Infraestrutura e Desenvolvim.Urbano","XX.X40.108/ 0001-57","3.3.90.39.00 -  Outros serv.  de terc. pesso a jurídica","Outros/não se aplica","Realizado","2056.82"
"26/01/2022","26010028","03050024","042 - Secretaria de Educação","XX.X40.108/ 0001-57","3.3.90.39.00 -  Outros serv.  de terc. pesso a jurídica","Outros/não se aplica","Realizado","5226.82"
"26/01/2022","26010023","02080010","047 - Secretaria de Desenvolvimento Econômico","XX.X40.108/ 0001-57","3.3.90.39.00 -  Outros serv.  de terc. pesso a jurídica","Outros/não se aplica","Realizado","15854.97"
"26/01/2022","26010002","03010216","038 - Secretaria de Administração e Finanças","XX.X28.316/ 0010-02","3.3.90.39.00 -  Outros serv.  de terc. pesso a jurídica","Outros/não se aplica","Realizado","216.8"
"26/01/2022","26010004","03010217","037 - Autarquia Municipal de Trânsito e Transporte","XX.X28.316/ 0010-02","3.3.90.39.00 -  Outros serv.  de terc. pesso a jurídica","Outros/não se aplica","Realizado","3809.36"
"26/01/2022","26010001","03010011","038 - Secretaria de Administração e Finanças","XX.X47.251/ 0001-70","3.3.90.39.00 -  Outros serv.  de terc. pesso a jurídica","Outros/não se aplica","Realizado","365.52"
"28/01/2022","28010002","19010006","042 - Secretaria de Educação","XX.X33.439/ 0001-09","3.3.90.30.00 -  Material de c onsumo","Pregão","Realizado","70920.66"
"28/01/2022","28010001","13010010","042 - Secretaria de Educação","XX.X33.439/ 0001-09","3.3.90.30.00 -  Material de c onsumo","Pregão","Realizado","118343.09"
"28/01/2022","28010003","30120001","042 - Secretaria de Educação","XX.X91.310/ 0001-05","3.3.90.30.00 -  Material de c onsumo","Pregão","Realizado","32143.5"
"31/01/2022","31010006","01040014","028 - Instituto de Previdência do Município","XX.X50.881/ 0001-15","3.3.90.39.00 -  Outros serv.  de terc. pesso a jurídica","Tomada de preço","Realizado","1600"
"31/01/2022","31010007","01040013","028 - Instituto de Previdência do Município","XX.X74.237/ 0001-81","3.3.90.39.00 -  Outros serv.  de terc. pesso a jurídica","Tomada de preço","Realizado","4000"
"31/01/2022","31010005","31030013","028 - Instituto de Previdência do Município","XX.X88.268/ 0001-04","3.3.90.39.00 -  Outros serv.  de terc. pesso a jurídica","Tomada de preço","Realizado","980"
"31/01/2022","31010072","03010159","043 - Secretaria de Saúde","XX.X60.305/ 0001-04","3.3.90.39.00 -  Outros serv.  de terc. pesso a jurídica","Outros/não se aplica","Realizado","73.15"
"31/01/2022","31010080","03010319","038 - Secretaria de Administração e Finanças","XX.X60.305/ 0001-04","3.3.90.39.00 -  Outros serv.  de terc. pesso a jurídica","Outros/não se aplica","Realizado","80.35"
"31/01/2022","31010078","03010319","038 - Secretaria de Administração e Finanças","XX.X60.305/ 0001-04","3.3.90.39.00 -  Outros serv.  de terc. pesso a jurídica","Outros/não se aplica","Realizado","80.35"
"31/01/2022","31010009","03010300","037 - Autarquia Municipal de Trânsito e Transporte","XX.X60.305/ 0001-04","3.3.90.39.00 -  Outros serv.  de terc. pesso a jurídica","Outros/não se aplica","Realizado","93.45"
"31/01/2022","31010012","03010304","031 - Secretaria de Infraestrutura e Desenvolvim.Urbano","XX.X60.305/ 0001-04","3.3.90.39.00 -  Outros serv.  de terc. pesso a jurídica","Outros/não se aplica","Realizado","111.7"
"31/01/2022","31010011","03010300","037 - Autarquia Municipal de Trânsito e Transporte","XX.X60.305/ 0001-04","3.3.90.39.00 -  Outros serv.  de terc. pesso a jurídica","Outros/não se aplica","Realizado","121.46"
"31/01/2022","31010010","03010300","037 - Autarquia Municipal de Trânsito e Transporte","XX.X60.305/ 0001-04","3.3.90.39.00 -  Outros serv.  de terc. pesso a jurídica","Outros/não se aplica","Realizado","247.81"
"31/01/2022","31010076","03010319","038 - Secretaria de Administração e Finanças","XX.X60.305/ 0001-04","3.3.90.39.00 -  Outros serv.  de terc. pesso a jurídica","Outros/não se aplica","Realizado","3079.42"
"31/01/2022","31010004","18110010","028 - Instituto de Previdência do Município","XX.X58.968/ 0001-87","3.3.90.39.00 -  Outros serv.  de terc. pesso a jurídica","Tomada de preço","Realizado","1200"
"31/01/2022","31010003","09110014","028 - Instituto de Previdência do Município","XX.X41.755/ 0001-99","3.3.90.39.00 -  Outros serv.  de terc. pesso a jurídica","Pregão","Realizado","144"
"31/01/2022","31010050","03010239","042 - Secretaria de Educação","XX.X84.407/ 0001-09","3.1.90.04.00 -  Contratação p or tempo deter minado","Outros/não se aplica","Realizado","722.56"
"31/01/2022","31010038","03010232","040 - Secretaria de Agricultura, Rec. Hídricos e Pesca","XX.X84.407/ 0001-09","3.1.90.04.00 -  Contratação p or tempo deter minado","Outros/não se aplica","Realizado","848.4"
"31/01/2022","31010042","03010232","040 - Secretaria de Agricultura, Rec. Hídricos e Pesca","XX.X84.407/ 0001-09","3.1.90.04.00 -  Contratação p or tempo deter minado","Outros/não se aplica","Realizado","1120"
"31/01/2022","31010014","03010220","039 - Gabinete do Prefeito","XX.X84.407/ 0001-09","3.1.90.04.00 -  Contratação p or tempo deter minado","Outros/não se aplica","Realizado","1212"
"31/01/2022","31010023","03010231","038 - Secretaria de Administração e Finanças","XX.X84.407/ 0001-09","3.1.90.04.00 -  Contratação p or tempo deter minado","Outros/não se aplica","Realizado","1212"
"31/01/2022","31010117","03010222","038 - Secretaria de Administração e Finanças","XX.X84.407/ 0001-09","3.1.90.11.00 -  Vencimentos e  vant. fixas p essoal civil","Outros/não se aplica","Realizado","1212"
"31/01/2022","31010036","03010223","032 - Secretaria de Cidadania e Segurança Pública","XX.X84.407/ 0001-09","3.1.90.11.00 -  Vencimentos e  vant. fixas p essoal civil","Outros/não se aplica","Realizado","1212"
"31/01/2022","31010037","03010223","032 - Secretaria de Cidadania e Segurança Pública","XX.X84.407/ 0001-09","3.1.90.11.00 -  Vencimentos e  vant. fixas p essoal civil","Outros/não se aplica","Realizado","1212"
"31/01/2022","31010108","03010251","006 - Fundo Municipal de Assistência Social","XX.X84.407/ 0001-09","3.1.90.11.00 -  Vencimentos e  vant. fixas p essoal civil","Outros/não se aplica","Realizado","1400"
"31/01/2022","31010092","03010259","043 - Secretaria de Saúde","XX.X84.407/ 0001-09","3.1.90.11.00 -  Vencimentos e  vant. fixas p essoal civil","Outros/não se aplica","Realizado","1800"
"31/01/2022","31010063","03010265","043 - Secretaria de Saúde","XX.X84.407/ 0001-09","3.1.90.04.00 -  Contratação p or tempo deter minado","Outros/não se aplica","Realizado","1800"
"31/01/2022","31010046","03010244","042 - Secretaria de Educação","XX.X84.407/ 0001-09","3.1.90.04.00 -  Contratação p or tempo deter minado","Outros/não se aplica","Realizado","1945.34"
"31/01/2022","31010093","03010259","043 - Secretaria de Saúde","XX.X84.407/ 0001-09","3.1.90.11.00 -  Vencimentos e  vant. fixas p essoal civil","Outros/não se aplica","Realizado","2424"
"31/01/2022","31010035","03010223","032 - Secretaria de Cidadania e Segurança Pública","XX.X84.407/ 0001-09","3.1.90.11.00 -  Vencimentos e  vant. fixas p essoal civil","Outros/não se aplica","Realizado","2480.47"
"31/01/2022","31010043","03010232","040 - Secretaria de Agricultura, Rec. Hídricos e Pesca","XX.X84.407/ 0001-09","3.1.90.04.00 -  Contratação p or tempo deter minado","Outros/não se aplica","Realizado","2580"
"31/01/2022","31010059","03010237","042 - Secretaria de Educação","XX.X84.407/ 0001-09","3.1.90.11.00 -  Vencimentos e  vant. fixas p essoal civil","Outros/não se aplica","Realizado","2752"
"31/01/2022","31010107","03010250","006 - Fundo Municipal de Assistência Social","XX.X84.407/ 0001-09","3.1.90.11.00 -  Vencimentos e  vant. fixas p essoal civil","Outros/não se aplica","Realizado","2870"
"31/01/2022","31010096","03010259","043 - Secretaria de Saúde","XX.X84.407/ 0001-09","3.1.90.11.00 -  Vencimentos e  vant. fixas p essoal civil","Outros/não se aplica","Realizado","2912"
"31/01/2022","31010111","03010264","043 - Secretaria de Saúde","XX.X84.407/ 0001-09","3.1.90.04.00 -  Contratação p or tempo deter minado","Outros/não se aplica","Realizado","3012"
"31/01/2022","31010105","03010250","006 - Fundo Municipal de Assistência Social","XX.X84.407/ 0001-09","3.1.90.11.00 -  Vencimentos e  vant. fixas p essoal civil","Outros/não se aplica","Realizado","3200"
"31/01/2022","31010106","03010250","006 - Fundo Municipal de Assistência Social","XX.X84.407/ 0001-09","3.1.90.11.00 -  Vencimentos e  vant. fixas p essoal civil","Outros/não se aplica","Realizado","3200"
"31/01/2022","31010094","03010255","006 - Fundo Municipal de Assistência Social","XX.X84.407/ 0001-09","3.1.90.04.00 -  Contratação p or tempo deter minado","Outros/não se aplica","Realizado","4224"
"31/01/2022","31010039","03010232","040 - Secretaria de Agricultura, Rec. Hídricos e Pesca","XX.X84.407/ 0001-09","3.1.90.04.00 -  Contratação p or tempo deter minado","Outros/não se aplica","Realizado","4340"
"31/01/2022","31010052","03010240","042 - Secretaria de Educação","XX.X84.407/ 0001-09","3.1.90.04.00 -  Contratação p or tempo deter minado","Outros/não se aplica","Realizado","4445.34"
"31/01/2022","31010088","03010259","043 - Secretaria de Saúde","XX.X84.407/ 0001-09","3.1.90.11.00 -  Vencimentos e  vant. fixas p essoal civil","Outros/não se aplica","Realizado","4600"
"31/01/2022","31010086","03010248","044 - Secretaria do Trabalho e Desenvolvovimento Social","XX.X84.407/ 0001-09","3.1.90.11.00 -  Vencimentos e  vant. fixas p essoal civil","Outros/não se aplica","Realizado","4708.8"
"31/01/2022","31010047","03010243","042 - Secretaria de Educação","XX.X84.407/ 0001-09","3.1.90.04.00 -  Contratação p or tempo deter minado","Outros/não se aplica","Realizado","4829.44"
"31/01/2022","31010110","03010253","006 - Fundo Municipal de Assistência Social","XX.X84.407/ 0001-09","3.1.90.11.00 -  Vencimentos e  vant. fixas p essoal civil","Outros/não se aplica","Realizado","5012"
"31/01/2022","31010109","03010252","006 - Fundo Municipal de Assistência Social","XX.X84.407/ 0001-09","3.3.90.36.00 -  Outros serv.  de terceiros p essoa física","Outros/não se aplica","Realizado","5550"
"31/01/2022","31010028","03010227","046 - Secretaria de Meio Ambiente e Turismo","XX.X84.407/ 0001-09","3.1.90.11.00 -  Vencimentos e  vant. fixas p essoal civil","Outros/não se aplica","Realizado","5600"
"31/01/2022","31010064","03010243","042 - Secretaria de Educação","XX.X84.407/ 0001-09","3.1.90.04.00 -  Contratação p or tempo deter minado","Outros/não se aplica","Realizado","6060"
"31/01/2022","31010071","03010265","043 - Secretaria de Saúde","XX.X84.407/ 0001-09","3.1.90.04.00 -  Contratação p or tempo deter minado","Outros/não se aplica","Realizado","6567.2"
"31/01/2022","31010091","03010255","006 - Fundo Municipal de Assistência Social","XX.X84.407/ 0001-09","3.1.90.04.00 -  Contratação p or tempo deter minado","Outros/não se aplica","Realizado","7012"
"31/01/2022","31010062","03010238","042 - Secretaria de Educação","XX.X84.407/ 0001-09","3.1.90.11.00 -  Vencimentos e  vant. fixas p essoal civil","Outros/não se aplica","Realizado","7065.26"
"31/01/2022","31010101","03010258","043 - Secretaria de Saúde","XX.X84.407/ 0001-09","3.1.90.11.00 -  Vencimentos e  vant. fixas p essoal civil","Outros/não se aplica","Realizado","7097.41"
"31/01/2022","31010079","03010254","044 - Secretaria do Trabalho e Desenvolvovimento Social","XX.X84.407/ 0001-09","3.1.90.04.00 -  Contratação p or tempo deter minado","Outros/não se aplica","Realizado","7272"
"31/01/2022","31010019","03010233","031 - Secretaria de Infraestrutura e Desenvolvim.Urbano","XX.X84.407/ 0001-09","3.1.90.04.00 -  Contratação p or tempo deter minado","Outros/não se aplica","Realizado","7918.4"
"31/01/2022","31010030","03010227","046 - Secretaria de Meio Ambiente e Turismo","XX.X84.407/ 0001-09","3.1.90.11.00 -  Vencimentos e  vant. fixas p essoal civil","Outros/não se aplica","Realizado","8000"
"31/01/2022","31010095","03010259","043 - Secretaria de Saúde","XX.X84.407/ 0001-09","3.1.90.11.00 -  Vencimentos e  vant. fixas p essoal civil","Outros/não se aplica","Realizado","8710.49"
"31/01/2022","31010097","03010249","006 - Fundo Municipal de Assistência Social","XX.X84.407/ 0001-09","3.1.90.11.00 -  Vencimentos e  vant. fixas p essoal civil","Outros/não se aplica","Realizado","9636"
"31/01/2022","31010085","03010261","043 - Secretaria de Saúde","XX.X84.407/ 0001-09","3.1.90.11.00 -  Vencimentos e  vant. fixas p essoal civil","Outros/não se aplica","Realizado","10266"
"31/01/2022","31010103","03010258","043 - Secretaria de Saúde","XX.X84.407/ 0001-09","3.1.90.11.00 -  Vencimentos e  vant. fixas p essoal civil","Outros/não se aplica","Realizado","11220.47"
"31/01/2022","31010118","03010224","032 - Secretaria de Cidadania e Segurança Pública","XX.X84.407/ 0001-09","3.3.90.93.00 -  Indenizações  e restituições","Outros/não se aplica","Realizado","11363"
"31/01/2022","31010089","03010255","006 - Fundo Municipal de Assistência Social","XX.X84.407/ 0001-09","3.1.90.04.00 -  Contratação p or tempo deter minado","Outros/não se aplica","Realizado","12084"
"31/01/2022","31010018","03010233","031 - Secretaria de Infraestrutura e Desenvolvim.Urbano","XX.X84.407/ 0001-09","3.1.90.04.00 -  Contratação p or tempo deter minado","Outros/não se aplica","Realizado","12096.8"
"31/01/2022","31010084","03010248","044 - Secretaria do Trabalho e Desenvolvovimento Social","XX.X84.407/ 0001-09","3.1.90.11.00 -  Vencimentos e  vant. fixas p essoal civil","Outros/não se aplica","Realizado","12120"
"31/01/2022","31010066","03010239","042 - Secretaria de Educação","XX.X84.407/ 0001-09","3.1.90.04.00 -  Contratação p or tempo deter minado","Outros/não se aplica","Realizado","13964.61"
"31/01/2022","31010013","03010220","039 - Gabinete do Prefeito","XX.X84.407/ 0001-09","3.1.90.04.00 -  Contratação p or tempo deter minado","Outros/não se aplica","Realizado","14422.8"
"31/01/2022","31010113","03010257","006 - Fundo Municipal de Assistência Social","XX.X84.407/ 0001-09","3.1.90.04.00 -  Contratação p or tempo deter minado","Outros/não se aplica","Realizado","18180"
"31/01/2022","31010025","03010221","014 - Controladoria Geral do Municipio","XX.X84.407/ 0001-09","3.1.90.11.00 -  Vencimentos e  vant. fixas p essoal civil","Outros/não se aplica","Realizado","20212"
"31/01/2022","31010069","03010265","043 - Secretaria de Saúde","XX.X84.407/ 0001-09","3.1.90.04.00 -  Contratação p or tempo deter minado","Outros/não se aplica","Realizado","20826.11"
"31/01/2022","31010098","03010263","043 - Secretaria de Saúde","XX.X84.407/ 0001-09","3.3.90.93.00 -  Indenizações  e restituições","Outros/não se aplica","Realizado","21800"
"31/01/2022","31010022","03010229","047 - Secretaria de Desenvolvimento Econômico","XX.X84.407/ 0001-09","3.1.90.11.00 -  Vencimentos e  vant. fixas p essoal civil","Outros/não se aplica","Realizado","21817"
"31/01/2022","31010021","03010228","034 - Secretaria de Cultura","XX.X84.407/ 0001-09","3.1.90.11.00 -  Vencimentos e  vant. fixas p essoal civil","Outros/não se aplica","Realizado","22999.33"
"31/01/2022","31010070","03010265","043 - Secretaria de Saúde","XX.X84.407/ 0001-09","3.1.90.04.00 -  Contratação p or tempo deter minado","Outros/não se aplica","Realizado","23616.09"
"31/01/2022","31010100","03010256","006 - Fundo Municipal de Assistência Social","XX.X84.407/ 0001-09","3.1.90.04.00 -  Contratação p or tempo deter minado","Outros/não se aplica","Realizado","24096"
"31/01/2022","31010099","03010264","043 - Secretaria de Saúde","XX.X84.407/ 0001-09","3.1.90.04.00 -  Contratação p or tempo deter minado","Outros/não se aplica","Realizado","25405.89"
"31/01/2022","31010031","03010226","022 - Secretaria de Esporte e Juventude","XX.X84.407/ 0001-09","3.1.90.11.00 -  Vencimentos e  vant. fixas p essoal civil","Outros/não se aplica","Realizado","27472"
"31/01/2022","31010034","03010225","040 - Secretaria de Agricultura, Rec. Hídricos e Pesca","XX.X84.407/ 0001-09","3.1.90.11.00 -  Vencimentos e  vant. fixas p essoal civil","Outros/não se aplica","Realizado","27875.6"
"31/01/2022","31010053","03010235","042 - Secretaria de Educação","XX.X84.407/ 0001-09","3.1.90.11.00 -  Vencimentos e  vant. fixas p essoal civil","Outros/não se aplica","Realizado","33576.17"
"31/01/2022","31010051","03010234","042 - Secretaria de Educação","XX.X84.407/ 0001-09","3.1.90.11.00 -  Vencimentos e  vant. fixas p essoal civil","Outros/não se aplica","Realizado","38500.03"
"31/01/2022","31010049","03010238","042 - Secretaria de Educação","XX.X84.407/ 0001-09","3.1.90.11.00 -  Vencimentos e  vant. fixas p essoal civil","Outros/não se aplica","Realizado","41906.29"
"31/01/2022","31010058","03010237","042 - Secretaria de Educação","XX.X84.407/ 0001-09","3.1.90.11.00 -  Vencimentos e  vant. fixas p essoal civil","Outros/não se aplica","Realizado","46166.92"
"31/01/2022","31010104","03010258","043 - Secretaria de Saúde","XX.X84.407/ 0001-09","3.1.90.11.00 -  Vencimentos e  vant. fixas p essoal civil","Outros/não se aplica","Realizado","48839.76"
"31/01/2022","31010033","03010223","032 - Secretaria de Cidadania e Segurança Pública","XX.X84.407/ 0001-09","3.1.90.11.00 -  Vencimentos e  vant. fixas p essoal civil","Outros/não se aplica","Realizado","50213.65"
"31/01/2022","31010081","03010248","044 - Secretaria do Trabalho e Desenvolvovimento Social","XX.X84.407/ 0001-09","3.1.90.11.00 -  Vencimentos e  vant. fixas p essoal civil","Outros/não se aplica","Realizado","52637.27"
"31/01/2022","31010044","03010241","037 - Autarquia Municipal de Trânsito e Transporte","XX.X84.407/ 0001-09","3.1.90.11.00 -  Vencimentos e  vant. fixas p essoal civil","Outros/não se aplica","Realizado","52880.3"
"31/01/2022","31010020","03010233","031 - Secretaria de Infraestrutura e Desenvolvim.Urbano","XX.X84.407/ 0001-09","3.1.90.04.00 -  Contratação p or tempo deter minado","Outros/não se aplica","Realizado","69940.86"
"31/01/2022","31010082","03010260","043 - Secretaria de Saúde","XX.X84.407/ 0001-09","3.1.90.11.00 -  Vencimentos e  vant. fixas p essoal civil","Outros/não se aplica","Realizado","71700"
"31/01/2022","31010057","03010235","042 - Secretaria de Educação","XX.X84.407/ 0001-09","3.1.90.11.00 -  Vencimentos e  vant. fixas p essoal civil","Outros/não se aplica","Realizado","73134.22"
"31/01/2022","31010102","03010258","043 - Secretaria de Saúde","XX.X84.407/ 0001-09","3.1.90.11.00 -  Vencimentos e  vant. fixas p essoal civil","Outros/não se aplica","Realizado","75016.56"
"31/01/2022","31010061","03010237","042 - Secretaria de Educação","XX.X84.407/ 0001-09","3.1.90.11.00 -  Vencimentos e  vant. fixas p essoal civil","Outros/não se aplica","Realizado","107040.59"
"31/01/2022","31010087","03010259","043 - Secretaria de Saúde","XX.X84.407/ 0001-09","3.1.90.11.00 -  Vencimentos e  vant. fixas p essoal civil","Outros/não se aplica","Realizado","107560"
"31/01/2022","31010090","03010259","043 - Secretaria de Saúde","XX.X84.407/ 0001-09","3.1.90.11.00 -  Vencimentos e  vant. fixas p essoal civil","Outros/não se aplica","Realizado","112601.37"
"31/01/2022","31010083","03010262","043 - Secretaria de Saúde","XX.X84.407/ 0001-09","3.1.90.11.00 -  Vencimentos e  vant. fixas p essoal civil","Outros/não se aplica","Realizado","119423.39"
"31/01/2022","31010056","03010235","042 - Secretaria de Educação","XX.X84.407/ 0001-09","3.1.90.11.00 -  Vencimentos e  vant. fixas p essoal civil","Outros/não se aplica","Realizado","125067.57"
"31/01/2022","31010027","03010218","013 - Procuradoria Geral do Municipio","XX.X84.407/ 0001-09","3.1.90.11.00 -  Vencimentos e  vant. fixas p essoal civil","Outros/não se aplica","Realizado","135010.46"
"31/01/2022","31010016","03010230","031 - Secretaria de Infraestrutura e Desenvolvim.Urbano","XX.X84.407/ 0001-09","3.1.90.11.00 -  Vencimentos e  vant. fixas p essoal civil","Outros/não se aplica","Realizado","152523.19"
"31/01/2022","31010045","03010242","032 - Secretaria de Cidadania e Segurança Pública","XX.X84.407/ 0001-09","3.1.90.11.00 -  Vencimentos e  vant. fixas p essoal civil","Outros/não se aplica","Realizado","152756.13"
"31/01/2022","31010015","03010219","039 - Gabinete do Prefeito","XX.X84.407/ 0001-09","3.1.90.11.00 -  Vencimentos e  vant. fixas p essoal civil","Outros/não se aplica","Realizado","156658.21"
"31/01/2022","31010024","03010222","038 - Secretaria de Administração e Finanças","XX.X84.407/ 0001-09","3.1.90.11.00 -  Vencimentos e  vant. fixas p essoal civil","Outros/não se aplica","Realizado","192463.12"
"31/01/2022","31010055","03010235","042 - Secretaria de Educação","XX.X84.407/ 0001-09","3.1.90.11.00 -  Vencimentos e  vant. fixas p essoal civil","Outros/não se aplica","Realizado","214326.37"
"31/01/2022","31010060","03010237","042 - Secretaria de Educação","XX.X84.407/ 0001-09","3.1.90.11.00 -  Vencimentos e  vant. fixas p essoal civil","Outros/não se aplica","Realizado","233210.97"
"31/01/2022","31010073","03010265","043 - Secretaria de Saúde","XX.X84.407/ 0001-09","3.1.90.04.00 -  Contratação p or tempo deter minado","Outros/não se aplica","Realizado","252937.39"
"31/01/2022","31010077","03010260","043 - Secretaria de Saúde","XX.X84.407/ 0001-09","3.1.90.11.00 -  Vencimentos e  vant. fixas p essoal civil","Outros/não se aplica","Realizado","262816.04"
"31/01/2022","31010074","03010266","043 - Secretaria de Saúde","XX.X84.407/ 0001-09","3.1.90.04.00 -  Contratação p or tempo deter minado","Outros/não se aplica","Realizado","279592.18"
"31/01/2022","31010048","03010236","042 - Secretaria de Educação","XX.X84.407/ 0001-09","3.1.90.11.00 -  Vencimentos e  vant. fixas p essoal civil","Outros/não se aplica","Realizado","386781.46"
"31/01/2022","31010075","03010266","043 - Secretaria de Saúde","XX.X84.407/ 0001-09","3.1.90.04.00 -  Contratação p or tempo deter minado","Outros/não se aplica","Realizado","415410"
"31/01/2022","31010054","03010235","042 - Secretaria de Educação","XX.X84.407/ 0001-09","3.1.90.11.00 -  Vencimentos e  vant. fixas p essoal civil","Outros/não se aplica","Realizado","928703.68"
"31/01/2022","31010001","29100008","028 - Instituto de Previdência do Município","XX.X07.711/ 0001-46","3.3.90.39.00 -  Outros serv.  de terc. pesso a jurídica","Tomada de preço","Realizado","837.5"
"31/01/2022","31010008","09110013","028 - Instituto de Previdência do Município","XX.X13.501/ 0001-00","3.3.90.39.00 -  Outros serv.  de terc. pesso a jurídica","Tomada de preço","Realizado","3000"
"31/01/2022","31010002","19110008","028 - Instituto de Previdência do Município","XX.X17.073/ 0001-22","3.3.90.39.00 -  Outros serv.  de terc. pesso a jurídica","Pregão","Realizado","409.29"
"03/02/2022","03020001","01110028","038 - Secretaria de Administração e Finanças","XX.X88.268/ 0001-04","3.3.90.39.00 -  Outros serv.  de terc. pesso a jurídica","Tomada de preço","Realizado","5750"
"03/02/2022","03020005","03010318","031 - Secretaria de Infraestrutura e Desenvolvim.Urbano","XX.X47.251/ 0001-70","3.3.90.39.00 -  Outros serv.  de terc. pesso a jurídica","Outros/não se aplica","Realizado","39.45"
"03/02/2022","03020003","03010318","031 - Secretaria de Infraestrutura e Desenvolvim.Urbano","XX.X47.251/ 0001-70","3.3.90.39.00 -  Outros serv.  de terc. pesso a jurídica","Outros/não se aplica","Realizado","94.61"
"03/02/2022","03020004","03010318","031 - Secretaria de Infraestrutura e Desenvolvim.Urbano","XX.X47.251/ 0001-70","3.3.90.39.00 -  Outros serv.  de terc. pesso a jurídica","Outros/não se aplica","Realizado","153.88"
"03/02/2022","03020002","03010318","031 - Secretaria de Infraestrutura e Desenvolvim.Urbano","XX.X47.251/ 0001-70","3.3.90.39.00 -  Outros serv.  de terc. pesso a jurídica","Outros/não se aplica","Realizado","318.15"
"04/02/2022","04020001","03010033","028 - Instituto de Previdência do Município","XX.X00.118/ 0015-74","3.3.90.39.00 -  Outros serv.  de terc. pesso a jurídica","Outros/não se aplica","Realizado","43.3"
"07/02/2022","07020002","25110001","043 - Secretaria de Saúde","XX.X28.889/ 0001-90","3.3.90.39.00 -  Outros serv.  de terc. pesso a jurídica","Pregão","Realizado","10696"
"07/02/2022","07020001","23080005","043 - Secretaria de Saúde","XX.X28.889/ 0001-90","3.3.90.39.00 -  Outros serv.  de terc. pesso a jurídica","Pregão","Realizado","34025"
"08/02/2022","08020001","08020014","028 - Instituto de Previdência do Município","XXX.696. 003-78","3.3.90.14.00 -  Diárias - civ il","Outros/não se aplica","Realizado","70"
"14/02/2022","14020001","07010001","038 - Secretaria de Administração e Finanças","XX.X56.094/ 0001-64","4.4.90.52.00 -  Equipamentos  e material per manente","Pregão","Realizado","112950"
"15/02/2022","15020001","03010324","031 - Secretaria de Infraestrutura e Desenvolvim.Urbano","XX.X55.669/ 0001-42","3.3.90.39.00 -  Outros serv.  de terc. pesso a jurídica","Concorrência","Realizado","526310.27"
"15/02/2022","15020002","03010330","038 - Secretaria de Administração e Finanças","XX.X12.053/ 0001-80","3.3.90.39.00 -  Outros serv.  de terc. pesso a jurídica","Carona","Realizado","141397.65"
"16/02/2022","16020004","03010311","038 - Secretaria de Administração e Finanças","XX.X54.480/ 0001-79","4.6.90.71.00 -  Principal da  dívida contrat ual resgatado","Outros/não se aplica","Realizado","1443.98"
"16/02/2022","16020001","03010311","038 - Secretaria de Administração e Finanças","XX.X54.480/ 0001-79","4.6.90.71.00 -  Principal da  dívida contrat ual resgatado","Outros/não se aplica","Realizado","1447.48"
"16/02/2022","16020002","03010311","038 - Secretaria de Administração e Finanças","XX.X54.480/ 0001-79","4.6.90.71.00 -  Principal da  dívida contrat ual resgatado","Outros/não se aplica","Realizado","2055.57"
"16/02/2022","16020003","03010311","038 - Secretaria de Administração e Finanças","XX.X54.480/ 0001-79","4.6.90.71.00 -  Principal da  dívida contrat ual resgatado","Outros/não se aplica","Realizado","2055.57"